School_ID,County_Name,School_Name,School_Lat,School_Long,Store_Name,Store_Lat,Store_Long,Store_Address,Store_PlaceID
189,Baldwin County, Baldwin High School,33.0720676,-83.25844889999999,Piggly Wiggly,33.0717281,-83.22557390000001,"731 South Wayne Street, Milledgeville",ChIJ0S-cSXTI9ogRDi8J4rYg5i8
189,Baldwin County, Baldwin High School,33.0720676,-83.25844889999999,Food Depot,33.101961,-83.25137289999999,"1850 North Columbia Street, Milledgeville",ChIJ792XhnW49ogRzX5zsT1Cjdg
189,Baldwin County, Baldwin High School,33.0720676,-83.25844889999999,Family Dollar,33.0550312,-83.2393115,"355 Allen Memorial Drive, Milledgeville",ChIJpUDdw1vJ9ogReo5URShyfMA
300,Baldwin County, Lakeview Academy,33.090509,-83.264271,Piggly Wiggly,33.0717281,-83.22557390000001,"731 South Wayne Street, Milledgeville",ChIJ0S-cSXTI9ogRDi8J4rYg5i8
300,Baldwin County, Lakeview Academy,33.090509,-83.264271,Food Depot,33.101961,-83.25137289999999,"1850 North Columbia Street, Milledgeville",ChIJ792XhnW49ogRzX5zsT1Cjdg
300,Baldwin County, Lakeview Academy,33.090509,-83.264271,ALDI,33.1073428,-83.2541809,"1978 North Columbia Street, Milledgeville",ChIJ7e0uBHe49ogRA7mBl9J0k8E
302,Baldwin County, Lakeview Primary,33.0801767,-83.2685801,Piggly Wiggly,33.0717281,-83.22557390000001,"731 South Wayne Street, Milledgeville",ChIJ0S-cSXTI9ogRDi8J4rYg5i8
302,Baldwin County, Lakeview Primary,33.0801767,-83.2685801,Food Depot,33.101961,-83.25137289999999,"1850 North Columbia Street, Milledgeville",ChIJ792XhnW49ogRzX5zsT1Cjdg
302,Baldwin County, Lakeview Primary,33.0801767,-83.2685801,ALDI,33.1073428,-83.2541809,"1978 North Columbia Street, Milledgeville",ChIJ7e0uBHe49ogRA7mBl9J0k8E
303,Baldwin County, Midway Hills Academy,33.0192797,-83.2278226,Piggly Wiggly,33.0717281,-83.22557390000001,"731 South Wayne Street, Milledgeville",ChIJ0S-cSXTI9ogRDi8J4rYg5i8
303,Baldwin County, Midway Hills Academy,33.0192797,-83.2278226,Food Depot,33.101961,-83.25137289999999,"1850 North Columbia Street, Milledgeville",ChIJ792XhnW49ogRzX5zsT1Cjdg
303,Baldwin County, Midway Hills Academy,33.0192797,-83.2278226,Family Dollar,33.0550312,-83.2393115,"355 Allen Memorial Drive, Milledgeville",ChIJpUDdw1vJ9ogReo5URShyfMA
301,Baldwin County, Midway Hills Primary,33.0799486,-83.2714293,Piggly Wiggly,33.0717281,-83.22557390000001,"731 South Wayne Street, Milledgeville",ChIJ0S-cSXTI9ogRDi8J4rYg5i8
301,Baldwin County, Midway Hills Primary,33.0799486,-83.2714293,Food Depot,33.101961,-83.25137289999999,"1850 North Columbia Street, Milledgeville",ChIJ792XhnW49ogRzX5zsT1Cjdg
301,Baldwin County, Midway Hills Primary,33.0799486,-83.2714293,ALDI,33.1073428,-83.2541809,"1978 North Columbia Street, Milledgeville",ChIJ7e0uBHe49ogRA7mBl9J0k8E
100,Baldwin County, Oak Hill MS,33.0836517,-83.2664898,Piggly Wiggly,33.0717281,-83.22557390000001,"731 South Wayne Street, Milledgeville",ChIJ0S-cSXTI9ogRDi8J4rYg5i8
100,Baldwin County, Oak Hill MS,33.0836517,-83.2664898,Food Depot,33.101961,-83.25137289999999,"1850 North Columbia Street, Milledgeville",ChIJ792XhnW49ogRzX5zsT1Cjdg
100,Baldwin County, Oak Hill MS,33.0836517,-83.2664898,ALDI,33.1073428,-83.2541809,"1978 North Columbia Street, Milledgeville",ChIJ7e0uBHe49ogRA7mBl9J0k8E
100,Baldwin County, Oak Hill MS,33.0836517,-83.2664898,Piggly Wiggly,33.0717281,-83.22557390000001,"731 South Wayne Street, Milledgeville",ChIJ0S-cSXTI9ogRDi8J4rYg5i8
100,Baldwin County, Oak Hill MS,33.0836517,-83.2664898,Food Depot,33.101961,-83.25137289999999,"1850 North Columbia Street, Milledgeville",ChIJ792XhnW49ogRzX5zsT1Cjdg
100,Baldwin County, Oak Hill MS,33.0836517,-83.2664898,ALDI,33.1073428,-83.2541809,"1978 North Columbia Street, Milledgeville",ChIJ7e0uBHe49ogRA7mBl9J0k8E
100,Baldwin County, Oak Hill MS,33.5220398,-84.331199,ALDI,33.55104550000001,-84.2550409,"5420 North Henry Boulevard, Stockbridge",ChIJ0zKb7T1W9IgR1wzlIeh8LC0
100,Baldwin County, Oak Hill MS,33.5220398,-84.331199,ALDI,33.4418943,-84.322878,"11499 Tara Boulevard, Lovejoy",ChIJX7zpyuL29IgRptD3eaYlZ14
100,Baldwin County, Oak Hill MS,33.5220398,-84.331199,Publix Super Market at Mt. Zion,33.5616957,-84.3251349,"2035 Mount Zion Road, Morrow",ChIJAYU2wP379IgRV6JG0RTvF-I
100,Baldwin County, Oak Hill MS,33.5220398,-84.331199,ALDI,33.5341018,-84.3697912,"615 North Avenue, Jonesboro",ChIJn1-5qzT69IgRVYRQO4TJAW8
100,Baldwin County, Oak Hill MS,33.5220398,-84.331199,ALDI,33.55104550000001,-84.2550409,"5420 North Henry Boulevard, Stockbridge",ChIJ0zKb7T1W9IgR1wzlIeh8LC0
100,Baldwin County, Oak Hill MS,33.5220398,-84.331199,ALDI,33.4418943,-84.322878,"11499 Tara Boulevard, Lovejoy",ChIJX7zpyuL29IgRptD3eaYlZ14
100,Baldwin County, Oak Hill MS,33.5220398,-84.331199,Publix Super Market at Mt. Zion,33.5616957,-84.3251349,"2035 Mount Zion Road, Morrow",ChIJAYU2wP379IgRV6JG0RTvF-I
100,Baldwin County, Oak Hill MS,33.5220398,-84.331199,ALDI,33.5341018,-84.3697912,"615 North Avenue, Jonesboro",ChIJn1-5qzT69IgRVYRQO4TJAW8
177,Clayton County, Adamson Middle School,33.5896534,-84.2862233,ALDI,33.55104550000001,-84.2550409,"5420 North Henry Boulevard, Stockbridge",ChIJ0zKb7T1W9IgR1wzlIeh8LC0
177,Clayton County, Adamson Middle School,33.5896534,-84.2862233,Publix Super Market at Mt. Zion,33.5616957,-84.3251349,"2035 Mount Zion Road, Morrow",ChIJAYU2wP379IgRV6JG0RTvF-I
177,Clayton County, Adamson Middle School,33.5896534,-84.2862233,Publix Super Market at Stockbridge Lakes,33.55506739999999,-84.2324064,"250 East Atlanta Road, Stockbridge",ChIJd1hQSGFW9IgRLD-0eqjpcbA
177,Clayton County, Adamson Middle School,33.5896534,-84.2862233,Family Dollar,33.5834202,-84.31368839999999,"2350 Lake Harbin Road, Morrow",ChIJaV_fEtb-9IgRnuo4JeMnKAI
1050,Clayton County, Anderson Elementary School,33.6405993,-84.33292279999999,Kroger,33.68236810000001,-84.4093793,"2685 Metropolitan Parkway Southwest, Atlanta",ChIJ98UKmpAC9YgRx_FrB4QSp7o
1050,Clayton County, Anderson Elementary School,33.6405993,-84.33292279999999,ALDI,33.7137226,-84.35020159999999,"1461 Moreland Avenue Southeast, Atlanta",ChIJNYyG134B9YgRUJOqTz5seeQ
1050,Clayton County, Anderson Elementary School,33.6405993,-84.33292279999999,H Mart Riverdale,33.5828934,-84.41264340000001,"6335 Georgia 85, Riverdale",ChIJTfOT55389IgRMdwExIWG6Ho
1050,Clayton County, Anderson Elementary School,33.6405993,-84.33292279999999,Publix Super Market at Mt. Zion,33.5616957,-84.3251349,"2035 Mount Zion Road, Morrow",ChIJAYU2wP379IgRV6JG0RTvF-I
1050,Clayton County, Anderson Elementary School,33.6405993,-84.33292279999999,Kroger,33.68236810000001,-84.4093793,"2685 Metropolitan Parkway Southwest, Atlanta",ChIJ98UKmpAC9YgRx_FrB4QSp7o
1050,Clayton County, Anderson Elementary School,33.6405993,-84.33292279999999,ALDI,33.7137226,-84.35020159999999,"1461 Moreland Avenue Southeast, Atlanta",ChIJNYyG134B9YgRUJOqTz5seeQ
1050,Clayton County, Anderson Elementary School,33.6405993,-84.33292279999999,H Mart Riverdale,33.5828934,-84.41264340000001,"6335 Georgia 85, Riverdale",ChIJTfOT55389IgRMdwExIWG6Ho
1050,Clayton County, Anderson Elementary School,33.6405993,-84.33292279999999,Publix Super Market at Mt. Zion,33.5616957,-84.3251349,"2035 Mount Zion Road, Morrow",ChIJAYU2wP379IgRV6JG0RTvF-I
1550,Clayton County, Arnold Elementary School,33.52397,-84.3468207,H Mart Riverdale,33.5828934,-84.41264340000001,"6335 Georgia 85, Riverdale",ChIJTfOT55389IgRMdwExIWG6Ho
1550,Clayton County, Arnold Elementary School,33.52397,-84.3468207,ALDI,33.55104550000001,-84.2550409,"5420 North Henry Boulevard, Stockbridge",ChIJ0zKb7T1W9IgR1wzlIeh8LC0
1550,Clayton County, Arnold Elementary School,33.52397,-84.3468207,Publix Super Market at Mt. Zion,33.5616957,-84.3251349,"2035 Mount Zion Road, Morrow",ChIJAYU2wP379IgRV6JG0RTvF-I
1550,Clayton County, Arnold Elementary School,33.52397,-84.3468207,ALDI,33.4418943,-84.322878,"11499 Tara Boulevard, Lovejoy",ChIJX7zpyuL29IgRptD3eaYlZ14
3050,Clayton County, Babb Middle School,33.60403710000001,-84.35280829999999,H Mart Riverdale,33.5828934,-84.41264340000001,"6335 Georgia 85, Riverdale",ChIJTfOT55389IgRMdwExIWG6Ho
3050,Clayton County, Babb Middle School,33.60403710000001,-84.35280829999999,Publix Super Market at Mt. Zion,33.5616957,-84.3251349,"2035 Mount Zion Road, Morrow",ChIJAYU2wP379IgRV6JG0RTvF-I
3050,Clayton County, Babb Middle School,33.60403710000001,-84.35280829999999,ALDI,33.5965424,-84.4279763,"5820 Riverdale Road, College Park",ChIJxyDTmrD89IgRgrZH3KFM1JQ
3050,Clayton County, Babb Middle School,33.60403710000001,-84.35280829999999,ALDI,33.5341018,-84.3697912,"615 North Avenue, Jonesboro",ChIJn1-5qzT69IgRVYRQO4TJAW8
175,Clayton County, Brown Elementary School,33.4951647,-84.363765,ALDI,33.4725516,-84.444543,"1060 Highway 85 North, Fayetteville",ChIJWRZMROfv9IgRIua9mO_7RFA
175,Clayton County, Brown Elementary School,33.4951647,-84.363765,ALDI,33.4418943,-84.322878,"11499 Tara Boulevard, Lovejoy",ChIJX7zpyuL29IgRptD3eaYlZ14
175,Clayton County, Brown Elementary School,33.4951647,-84.363765,Publix Super Market at Mt. Zion,33.5616957,-84.3251349,"2035 Mount Zion Road, Morrow",ChIJAYU2wP379IgRV6JG0RTvF-I
175,Clayton County, Brown Elementary School,33.4951647,-84.363765,ALDI,33.5341018,-84.3697912,"615 North Avenue, Jonesboro",ChIJn1-5qzT69IgRVYRQO4TJAW8
103,Clayton County, Callaway Elementary School,33.5368158,-84.3932159,H Mart Riverdale,33.5828934,-84.41264340000001,"6335 Georgia 85, Riverdale",ChIJTfOT55389IgRMdwExIWG6Ho
103,Clayton County, Callaway Elementary School,33.5368158,-84.3932159,ALDI,33.4725516,-84.444543,"1060 Highway 85 North, Fayetteville",ChIJWRZMROfv9IgRIua9mO_7RFA
103,Clayton County, Callaway Elementary School,33.5368158,-84.3932159,Publix Super Market at Mt. Zion,33.5616957,-84.3251349,"2035 Mount Zion Road, Morrow",ChIJAYU2wP379IgRV6JG0RTvF-I
103,Clayton County, Callaway Elementary School,33.5368158,-84.3932159,ALDI,33.5965424,-84.4279763,"5820 Riverdale Road, College Park",ChIJxyDTmrD89IgRgrZH3KFM1JQ
103,Clayton County, Callaway Elementary School,33.5368158,-84.3932159,H Mart Riverdale,33.5828934,-84.41264340000001,"6335 Georgia 85, Riverdale",ChIJTfOT55389IgRMdwExIWG6Ho
103,Clayton County, Callaway Elementary School,33.5368158,-84.3932159,ALDI,33.4725516,-84.444543,"1060 Highway 85 North, Fayetteville",ChIJWRZMROfv9IgRIua9mO_7RFA
103,Clayton County, Callaway Elementary School,33.5368158,-84.3932159,Publix Super Market at Mt. Zion,33.5616957,-84.3251349,"2035 Mount Zion Road, Morrow",ChIJAYU2wP379IgRV6JG0RTvF-I
103,Clayton County, Callaway Elementary School,33.5368158,-84.3932159,ALDI,33.5965424,-84.4279763,"5820 Riverdale Road, College Park",ChIJxyDTmrD89IgRgrZH3KFM1JQ
103,Clayton County, Callaway Elementary School,30.8675518,-83.2909011,Publix Super Market at Baytree Village,30.8456768,-83.32284399999999,"1741 Gornto Road, Valdosta",ChIJ35WNwJBm7ogRdT82kQmDWH4
103,Clayton County, Callaway Elementary School,30.8675518,-83.2909011,Family Dollar,30.8367512,-83.317776,"964 Saint Augustine Road, Valdosta",ChIJc4T_1L9m7ogRI7Ht7rcBbC4
103,Clayton County, Callaway Elementary School,30.8675518,-83.2909011,Family Dollar,30.8561498,-83.2802432,"1905 North Ashley Street, Valdosta",ChIJyQ6q_whn7ogRlOmWjkS-eQk
103,Clayton County, Callaway Elementary School,30.8675518,-83.2909011,Publix Super Market at Baytree Village,30.8456768,-83.32284399999999,"1741 Gornto Road, Valdosta",ChIJ35WNwJBm7ogRdT82kQmDWH4
103,Clayton County, Callaway Elementary School,30.8675518,-83.2909011,Family Dollar,30.8367512,-83.317776,"964 Saint Augustine Road, Valdosta",ChIJc4T_1L9m7ogRI7Ht7rcBbC4
103,Clayton County, Callaway Elementary School,30.8675518,-83.2909011,Family Dollar,30.8561498,-83.2802432,"1905 North Ashley Street, Valdosta",ChIJyQ6q_whn7ogRlOmWjkS-eQk
115,Clayton County, Charles R. Drew High School,33.58681380000001,-84.395843,H Mart Riverdale,33.5828934,-84.41264340000001,"6335 Georgia 85, Riverdale",ChIJTfOT55389IgRMdwExIWG6Ho
115,Clayton County, Charles R. Drew High School,33.58681380000001,-84.395843,Family Dollar,33.5811233,-84.4719009,"6385 Old National Highway, Atlanta",ChIJe6LPrILk9IgR-dySV--a3Ls
115,Clayton County, Charles R. Drew High School,33.58681380000001,-84.395843,ALDI,33.5965424,-84.4279763,"5820 Riverdale Road, College Park",ChIJxyDTmrD89IgRgrZH3KFM1JQ
115,Clayton County, Charles R. Drew High School,33.58681380000001,-84.395843,Publix Super Market at Mt. Zion,33.5616957,-84.3251349,"2035 Mount Zion Road, Morrow",ChIJAYU2wP379IgRV6JG0RTvF-I
4050,Clayton County, Church Street Elementary School,33.5634005,-84.4180052,H Mart Riverdale,33.5828934,-84.41264340000001,"6335 Georgia 85, Riverdale",ChIJTfOT55389IgRMdwExIWG6Ho
4050,Clayton County, Church Street Elementary School,33.5634005,-84.4180052,Family Dollar,33.5811233,-84.4719009,"6385 Old National Highway, Atlanta",ChIJe6LPrILk9IgR-dySV--a3Ls
4050,Clayton County, Church Street Elementary School,33.5634005,-84.4180052,ALDI,33.5965424,-84.4279763,"5820 Riverdale Road, College Park",ChIJxyDTmrD89IgRgrZH3KFM1JQ
4050,Clayton County, Church Street Elementary School,33.5634005,-84.4180052,Publix Super Market at Mt. Zion,33.5616957,-84.3251349,"2035 Mount Zion Road, Morrow",ChIJAYU2wP379IgRV6JG0RTvF-I
1052,Clayton County, East Clayton Elementary School,33.616623,-84.27010020000002,ALDI,33.55104550000001,-84.2550409,"5420 North Henry Boulevard, Stockbridge",ChIJ0zKb7T1W9IgR1wzlIeh8LC0
1052,Clayton County, East Clayton Elementary School,33.616623,-84.27010020000002,ALDI,33.6814879,-84.2280176,"4900 Flat Shoals Parkway, Decatur",ChIJB_5hgCCr9YgRkD2cQGvirH8
1052,Clayton County, East Clayton Elementary School,33.616623,-84.27010020000002,Publix Super Market at Mt. Zion,33.5616957,-84.3251349,"2035 Mount Zion Road, Morrow",ChIJAYU2wP379IgRV6JG0RTvF-I
1052,Clayton County, East Clayton Elementary School,33.616623,-84.27010020000002,Publix Super Market at Stockbridge Lakes,33.55506739999999,-84.2324064,"250 East Atlanta Road, Stockbridge",ChIJd1hQSGFW9IgRLD-0eqjpcbA
1052,Clayton County, East Clayton Elementary School,33.616623,-84.27010020000002,ALDI,33.55104550000001,-84.2550409,"5420 North Henry Boulevard, Stockbridge",ChIJ0zKb7T1W9IgR1wzlIeh8LC0
1052,Clayton County, East Clayton Elementary School,33.616623,-84.27010020000002,ALDI,33.6814879,-84.2280176,"4900 Flat Shoals Parkway, Decatur",ChIJB_5hgCCr9YgRkD2cQGvirH8
1052,Clayton County, East Clayton Elementary School,33.616623,-84.27010020000002,Publix Super Market at Mt. Zion,33.5616957,-84.3251349,"2035 Mount Zion Road, Morrow",ChIJAYU2wP379IgRV6JG0RTvF-I
1052,Clayton County, East Clayton Elementary School,33.616623,-84.27010020000002,Publix Super Market at Stockbridge Lakes,33.55506739999999,-84.2324064,"250 East Atlanta Road, Stockbridge",ChIJd1hQSGFW9IgRLD-0eqjpcbA
1052,Clayton County, East Clayton Elementary School,30.8591548,-83.2633123,Publix Super Market at Baytree Village,30.8456768,-83.32284399999999,"1741 Gornto Road, Valdosta",ChIJ35WNwJBm7ogRdT82kQmDWH4
1052,Clayton County, East Clayton Elementary School,30.8591548,-83.2633123,Family Dollar,30.8367512,-83.317776,"964 Saint Augustine Road, Valdosta",ChIJc4T_1L9m7ogRI7Ht7rcBbC4
1052,Clayton County, East Clayton Elementary School,30.8591548,-83.2633123,Family Dollar,30.8561498,-83.2802432,"1905 North Ashley Street, Valdosta",ChIJyQ6q_whn7ogRlOmWjkS-eQk
1052,Clayton County, East Clayton Elementary School,30.8591548,-83.2633123,Publix Super Market at Baytree Village,30.8456768,-83.32284399999999,"1741 Gornto Road, Valdosta",ChIJ35WNwJBm7ogRdT82kQmDWH4
1052,Clayton County, East Clayton Elementary School,30.8591548,-83.2633123,Family Dollar,30.8367512,-83.317776,"964 Saint Augustine Road, Valdosta",ChIJc4T_1L9m7ogRI7Ht7rcBbC4
1052,Clayton County, East Clayton Elementary School,30.8591548,-83.2633123,Family Dollar,30.8561498,-83.2802432,"1905 North Ashley Street, Valdosta",ChIJyQ6q_whn7ogRlOmWjkS-eQk
116,Clayton County, Eddie White Middle School,33.4301772,-84.36014039999999,ALDI,33.4418943,-84.322878,"11499 Tara Boulevard, Lovejoy",ChIJX7zpyuL29IgRptD3eaYlZ14
116,Clayton County, Eddie White Middle School,33.4301772,-84.36014039999999,ALDI,33.4725516,-84.444543,"1060 Highway 85 North, Fayetteville",ChIJWRZMROfv9IgRIua9mO_7RFA
116,Clayton County, Eddie White Middle School,33.4301772,-84.36014039999999,Food Depot,33.449701,-84.3273957,"11155 Tara Boulevard, Hampton",ChIJ-fUh5Rv39IgRXFxSmVpMkkw
5052,Clayton County, Edmonds Elementary School,33.6334786,-84.3494089,H Mart Riverdale,33.5828934,-84.41264340000001,"6335 Georgia 85, Riverdale",ChIJTfOT55389IgRMdwExIWG6Ho
5052,Clayton County, Edmonds Elementary School,33.6334786,-84.3494089,Kroger,33.68236810000001,-84.4093793,"2685 Metropolitan Parkway Southwest, Atlanta",ChIJ98UKmpAC9YgRx_FrB4QSp7o
5052,Clayton County, Edmonds Elementary School,33.6334786,-84.3494089,ALDI,33.7137226,-84.35020159999999,"1461 Moreland Avenue Southeast, Atlanta",ChIJNYyG134B9YgRUJOqTz5seeQ
5052,Clayton County, Edmonds Elementary School,33.6334786,-84.3494089,Publix Super Market at Mt. Zion,33.5616957,-84.3251349,"2035 Mount Zion Road, Morrow",ChIJAYU2wP379IgRV6JG0RTvF-I
114,Clayton County, Elite Scholars Academy School,33.5389038,-84.32574149999999,ALDI,33.55104550000001,-84.2550409,"5420 North Henry Boulevard, Stockbridge",ChIJ0zKb7T1W9IgR1wzlIeh8LC0
114,Clayton County, Elite Scholars Academy School,33.5389038,-84.32574149999999,H Mart Riverdale,33.5828934,-84.41264340000001,"6335 Georgia 85, Riverdale",ChIJTfOT55389IgRMdwExIWG6Ho
114,Clayton County, Elite Scholars Academy School,33.5389038,-84.32574149999999,Publix Super Market at Mt. Zion,33.5616957,-84.3251349,"2035 Mount Zion Road, Morrow",ChIJAYU2wP379IgRV6JG0RTvF-I
114,Clayton County, Elite Scholars Academy School,33.5389038,-84.32574149999999,ALDI,33.5341018,-84.3697912,"615 North Avenue, Jonesboro",ChIJn1-5qzT69IgRVYRQO4TJAW8
1054,Clayton County, Forest Park High School,33.6061738,-84.3537942,H Mart Riverdale,33.5828934,-84.41264340000001,"6335 Georgia 85, Riverdale",ChIJTfOT55389IgRMdwExIWG6Ho
1054,Clayton County, Forest Park High School,33.6061738,-84.3537942,Publix Super Market at Mt. Zion,33.5616957,-84.3251349,"2035 Mount Zion Road, Morrow",ChIJAYU2wP379IgRV6JG0RTvF-I
1054,Clayton County, Forest Park High School,33.6061738,-84.3537942,ALDI,33.5965424,-84.4279763,"5820 Riverdale Road, College Park",ChIJxyDTmrD89IgRgrZH3KFM1JQ
1054,Clayton County, Forest Park High School,33.6061738,-84.3537942,Kroger,33.68236810000001,-84.4093793,"2685 Metropolitan Parkway Southwest, Atlanta",ChIJ98UKmpAC9YgRx_FrB4QSp7o
2054,Clayton County, Forest Park Middle School,33.6215469,-84.3593394,H Mart Riverdale,33.5828934,-84.41264340000001,"6335 Georgia 85, Riverdale",ChIJTfOT55389IgRMdwExIWG6Ho
2054,Clayton County, Forest Park Middle School,33.6215469,-84.3593394,Kroger,33.68236810000001,-84.4093793,"2685 Metropolitan Parkway Southwest, Atlanta",ChIJ98UKmpAC9YgRx_FrB4QSp7o
2054,Clayton County, Forest Park Middle School,33.6215469,-84.3593394,ALDI,33.5965424,-84.4279763,"5820 Riverdale Road, College Park",ChIJxyDTmrD89IgRgrZH3KFM1JQ
2054,Clayton County, Forest Park Middle School,33.6215469,-84.3593394,Publix Super Market at Mt. Zion,33.5616957,-84.3251349,"2035 Mount Zion Road, Morrow",ChIJAYU2wP379IgRV6JG0RTvF-I
2554,Clayton County, Fountain Elementary School,33.6120989,-84.3738779,H Mart Riverdale,33.5828934,-84.41264340000001,"6335 Georgia 85, Riverdale",ChIJTfOT55389IgRMdwExIWG6Ho
2554,Clayton County, Fountain Elementary School,33.6120989,-84.3738779,Kroger,33.68236810000001,-84.4093793,"2685 Metropolitan Parkway Southwest, Atlanta",ChIJ98UKmpAC9YgRx_FrB4QSp7o
2554,Clayton County, Fountain Elementary School,33.6120989,-84.3738779,ALDI,33.5965424,-84.4279763,"5820 Riverdale Road, College Park",ChIJxyDTmrD89IgRgrZH3KFM1JQ
2554,Clayton County, Fountain Elementary School,33.6120989,-84.3738779,Publix Super Market at Mt. Zion,33.5616957,-84.3251349,"2035 Mount Zion Road, Morrow",ChIJAYU2wP379IgRV6JG0RTvF-I
203,Clayton County, Harper Elementary School,33.5645303,-84.3889465,H Mart Riverdale,33.5828934,-84.41264340000001,"6335 Georgia 85, Riverdale",ChIJTfOT55389IgRMdwExIWG6Ho
203,Clayton County, Harper Elementary School,33.5645303,-84.3889465,Family Dollar,33.5811233,-84.4719009,"6385 Old National Highway, Atlanta",ChIJe6LPrILk9IgR-dySV--a3Ls
203,Clayton County, Harper Elementary School,33.5645303,-84.3889465,Publix Super Market at Mt. Zion,33.5616957,-84.3251349,"2035 Mount Zion Road, Morrow",ChIJAYU2wP379IgRV6JG0RTvF-I
203,Clayton County, Harper Elementary School,33.5645303,-84.3889465,ALDI,33.5965424,-84.4279763,"5820 Riverdale Road, College Park",ChIJxyDTmrD89IgRgrZH3KFM1JQ
199,Clayton County, Hawthorne Elementary School,33.4617763,-84.3662805,ALDI,33.4725516,-84.444543,"1060 Highway 85 North, Fayetteville",ChIJWRZMROfv9IgRIua9mO_7RFA
199,Clayton County, Hawthorne Elementary School,33.4617763,-84.3662805,ALDI,33.4418943,-84.322878,"11499 Tara Boulevard, Lovejoy",ChIJX7zpyuL29IgRptD3eaYlZ14
199,Clayton County, Hawthorne Elementary School,33.4617763,-84.3662805,ALDI,33.5341018,-84.3697912,"615 North Avenue, Jonesboro",ChIJn1-5qzT69IgRVYRQO4TJAW8
199,Clayton County, Hawthorne Elementary School,33.4617763,-84.3662805,Publix Super Market at Fayette Pavilion,33.47841700000001,-84.4385971,"108 Pavilion Parkway, Fayetteville",ChIJ-UxfhuTv9IgRdENCHo9qid0
3054,Clayton County, Haynie Elementary School,33.5861375,-84.35309579999999,H Mart Riverdale,33.5828934,-84.41264340000001,"6335 Georgia 85, Riverdale",ChIJTfOT55389IgRMdwExIWG6Ho
3054,Clayton County, Haynie Elementary School,33.5861375,-84.35309579999999,Publix Super Market at Mt. Zion,33.5616957,-84.3251349,"2035 Mount Zion Road, Morrow",ChIJAYU2wP379IgRV6JG0RTvF-I
3054,Clayton County, Haynie Elementary School,33.5861375,-84.35309579999999,ALDI,33.5965424,-84.4279763,"5820 Riverdale Road, College Park",ChIJxyDTmrD89IgRgrZH3KFM1JQ
3054,Clayton County, Haynie Elementary School,33.5861375,-84.35309579999999,ALDI,33.5341018,-84.3697912,"615 North Avenue, Jonesboro",ChIJn1-5qzT69IgRVYRQO4TJAW8
5054,Clayton County, Huie Elementary School,33.6386158,-84.3486181,Kroger,33.68236810000001,-84.4093793,"2685 Metropolitan Parkway Southwest, Atlanta",ChIJ98UKmpAC9YgRx_FrB4QSp7o
5054,Clayton County, Huie Elementary School,33.6386158,-84.3486181,H Mart Riverdale,33.5828934,-84.41264340000001,"6335 Georgia 85, Riverdale",ChIJTfOT55389IgRMdwExIWG6Ho
5054,Clayton County, Huie Elementary School,33.6386158,-84.3486181,ALDI,33.7137226,-84.35020159999999,"1461 Moreland Avenue Southeast, Atlanta",ChIJNYyG134B9YgRUJOqTz5seeQ
5054,Clayton County, Huie Elementary School,33.6386158,-84.3486181,ALDI,33.5965424,-84.4279763,"5820 Riverdale Road, College Park",ChIJxyDTmrD89IgRgrZH3KFM1JQ
304,Clayton County, James Jackson Elementary School,33.5466591,-84.34086339999999,H Mart Riverdale,33.5828934,-84.41264340000001,"6335 Georgia 85, Riverdale",ChIJTfOT55389IgRMdwExIWG6Ho
304,Clayton County, James Jackson Elementary School,33.5466591,-84.34086339999999,ALDI,33.55104550000001,-84.2550409,"5420 North Henry Boulevard, Stockbridge",ChIJ0zKb7T1W9IgR1wzlIeh8LC0
304,Clayton County, James Jackson Elementary School,33.5466591,-84.34086339999999,Publix Super Market at Mt. Zion,33.5616957,-84.3251349,"2035 Mount Zion Road, Morrow",ChIJAYU2wP379IgRV6JG0RTvF-I
304,Clayton County, James Jackson Elementary School,33.5466591,-84.34086339999999,ALDI,33.5341018,-84.3697912,"615 North Avenue, Jonesboro",ChIJn1-5qzT69IgRVYRQO4TJAW8
1056,Clayton County, Jonesboro High School,33.5425177,-84.3404115,H Mart Riverdale,33.5828934,-84.41264340000001,"6335 Georgia 85, Riverdale",ChIJTfOT55389IgRMdwExIWG6Ho
1056,Clayton County, Jonesboro High School,33.5425177,-84.3404115,ALDI,33.55104550000001,-84.2550409,"5420 North Henry Boulevard, Stockbridge",ChIJ0zKb7T1W9IgR1wzlIeh8LC0
1056,Clayton County, Jonesboro High School,33.5425177,-84.3404115,Publix Super Market at Mt. Zion,33.5616957,-84.3251349,"2035 Mount Zion Road, Morrow",ChIJAYU2wP379IgRV6JG0RTvF-I
1056,Clayton County, Jonesboro High School,33.5425177,-84.3404115,ALDI,33.5341018,-84.3697912,"615 North Avenue, Jonesboro",ChIJn1-5qzT69IgRVYRQO4TJAW8
106,Clayton County, Jonesboro Middle School,33.520308,-84.3485359,H Mart Riverdale,33.5828934,-84.41264340000001,"6335 Georgia 85, Riverdale",ChIJTfOT55389IgRMdwExIWG6Ho
106,Clayton County, Jonesboro Middle School,33.520308,-84.3485359,ALDI,33.4418943,-84.322878,"11499 Tara Boulevard, Lovejoy",ChIJX7zpyuL29IgRptD3eaYlZ14
106,Clayton County, Jonesboro Middle School,33.520308,-84.3485359,Publix Super Market at Mt. Zion,33.5616957,-84.3251349,"2035 Mount Zion Road, Morrow",ChIJAYU2wP379IgRV6JG0RTvF-I
106,Clayton County, Jonesboro Middle School,33.520308,-84.3485359,ALDI,33.55104550000001,-84.2550409,"5420 North Henry Boulevard, Stockbridge",ChIJ0zKb7T1W9IgR1wzlIeh8LC0
106,Clayton County, Jonesboro Middle School,33.520308,-84.3485359,H Mart Riverdale,33.5828934,-84.41264340000001,"6335 Georgia 85, Riverdale",ChIJTfOT55389IgRMdwExIWG6Ho
106,Clayton County, Jonesboro Middle School,33.520308,-84.3485359,ALDI,33.4418943,-84.322878,"11499 Tara Boulevard, Lovejoy",ChIJX7zpyuL29IgRptD3eaYlZ14
106,Clayton County, Jonesboro Middle School,33.520308,-84.3485359,Publix Super Market at Mt. Zion,33.5616957,-84.3251349,"2035 Mount Zion Road, Morrow",ChIJAYU2wP379IgRV6JG0RTvF-I
106,Clayton County, Jonesboro Middle School,33.520308,-84.3485359,ALDI,33.55104550000001,-84.2550409,"5420 North Henry Boulevard, Stockbridge",ChIJ0zKb7T1W9IgR1wzlIeh8LC0
106,Clayton County, Jonesboro Middle School,30.8227409,-83.23462409999999,Family Dollar,30.8561498,-83.2802432,"1905 North Ashley Street, Valdosta",ChIJyQ6q_whn7ogRlOmWjkS-eQk
106,Clayton County, Jonesboro Middle School,30.8227409,-83.23462409999999,Family Dollar,30.8823,-83.2663,"3820 Inner Perimeter Road, Valdosta",ChIJawTapexn7ogRWCmZicGu4ag
106,Clayton County, Jonesboro Middle School,30.8227409,-83.23462409999999,Family Dollar,30.8367512,-83.317776,"964 Saint Augustine Road, Valdosta",ChIJc4T_1L9m7ogRI7Ht7rcBbC4
106,Clayton County, Jonesboro Middle School,30.8227409,-83.23462409999999,Family Dollar,30.8561498,-83.2802432,"1905 North Ashley Street, Valdosta",ChIJyQ6q_whn7ogRlOmWjkS-eQk
106,Clayton County, Jonesboro Middle School,30.8227409,-83.23462409999999,Family Dollar,30.8823,-83.2663,"3820 Inner Perimeter Road, Valdosta",ChIJawTapexn7ogRWCmZicGu4ag
106,Clayton County, Jonesboro Middle School,30.8227409,-83.23462409999999,Family Dollar,30.8367512,-83.317776,"964 Saint Augustine Road, Valdosta",ChIJc4T_1L9m7ogRI7Ht7rcBbC4
380,Clayton County, Kay R Pace Elementary School of the Arts,33.5219971,-84.3308833,ALDI,33.55104550000001,-84.2550409,"5420 North Henry Boulevard, Stockbridge",ChIJ0zKb7T1W9IgR1wzlIeh8LC0
380,Clayton County, Kay R Pace Elementary School of the Arts,33.5219971,-84.3308833,ALDI,33.4418943,-84.322878,"11499 Tara Boulevard, Lovejoy",ChIJX7zpyuL29IgRptD3eaYlZ14
380,Clayton County, Kay R Pace Elementary School of the Arts,33.5219971,-84.3308833,Publix Super Market at Mt. Zion,33.5616957,-84.3251349,"2035 Mount Zion Road, Morrow",ChIJAYU2wP379IgRV6JG0RTvF-I
380,Clayton County, Kay R Pace Elementary School of the Arts,33.5219971,-84.3308833,ALDI,33.5341018,-84.3697912,"615 North Avenue, Jonesboro",ChIJn1-5qzT69IgRVYRQO4TJAW8
305,Clayton County, Kemp Elem School,33.4555136,-84.35716250000002,ALDI,33.4725516,-84.444543,"1060 Highway 85 North, Fayetteville",ChIJWRZMROfv9IgRIua9mO_7RFA
305,Clayton County, Kemp Elem School,33.4555136,-84.35716250000002,ALDI,33.4418943,-84.322878,"11499 Tara Boulevard, Lovejoy",ChIJX7zpyuL29IgRptD3eaYlZ14
305,Clayton County, Kemp Elem School,33.4555136,-84.35716250000002,ALDI,33.5341018,-84.3697912,"615 North Avenue, Jonesboro",ChIJn1-5qzT69IgRVYRQO4TJAW8
305,Clayton County, Kemp Elem School,33.4555136,-84.35716250000002,Publix Super Market at Fayette Pavilion,33.47841700000001,-84.4385971,"108 Pavilion Parkway, Fayetteville",ChIJ-UxfhuTv9IgRdENCHo9qid0
205,Clayton County, Kemp Primary,33.4538513,-84.35708029999999,ALDI,33.4725516,-84.444543,"1060 Highway 85 North, Fayetteville",ChIJWRZMROfv9IgRIua9mO_7RFA
205,Clayton County, Kemp Primary,33.4538513,-84.35708029999999,ALDI,33.4418943,-84.322878,"11499 Tara Boulevard, Lovejoy",ChIJX7zpyuL29IgRptD3eaYlZ14
205,Clayton County, Kemp Primary,33.4538513,-84.35708029999999,ALDI,33.5341018,-84.3697912,"615 North Avenue, Jonesboro",ChIJn1-5qzT69IgRVYRQO4TJAW8
205,Clayton County, Kemp Primary,33.4538513,-84.35708029999999,Publix Super Market at Fayette Pavilion,33.47841700000001,-84.4385971,"108 Pavilion Parkway, Fayetteville",ChIJ-UxfhuTv9IgRdENCHo9qid0
205,Clayton County, Kemp Primary,33.4538513,-84.35708029999999,ALDI,33.4725516,-84.444543,"1060 Highway 85 North, Fayetteville",ChIJWRZMROfv9IgRIua9mO_7RFA
205,Clayton County, Kemp Primary,33.4538513,-84.35708029999999,ALDI,33.4418943,-84.322878,"11499 Tara Boulevard, Lovejoy",ChIJX7zpyuL29IgRptD3eaYlZ14
205,Clayton County, Kemp Primary,33.4538513,-84.35708029999999,ALDI,33.5341018,-84.3697912,"615 North Avenue, Jonesboro",ChIJn1-5qzT69IgRVYRQO4TJAW8
205,Clayton County, Kemp Primary,33.4538513,-84.35708029999999,Publix Super Market at Fayette Pavilion,33.47841700000001,-84.4385971,"108 Pavilion Parkway, Fayetteville",ChIJ-UxfhuTv9IgRdENCHo9qid0
205,Clayton County, Kemp Primary,33.7345834,-82.7251885,Terry's IGA,33.73614859999999,-82.7394473,"115 North Spring Street, Washington",ChIJidCGaIuv94gR-pjx2WR5QAY
205,Clayton County, Kemp Primary,33.7345834,-82.7251885,Ingles Markets,33.7298143,-82.7175182,"110 Ann Denard Drive, Washington",ChIJnWtN3W2l94gRxkhtinYYczM
205,Clayton County, Kemp Primary,33.7345834,-82.7251885,Family Dollar,33.72567699999999,-82.718119,"164 Bi-Lo Plaza, Washington",ChIJlYwf8G2l94gRxbbIZSoRgvw
205,Clayton County, Kemp Primary,33.7345834,-82.7251885,Terry's IGA,33.73614859999999,-82.7394473,"115 North Spring Street, Washington",ChIJidCGaIuv94gR-pjx2WR5QAY
205,Clayton County, Kemp Primary,33.7345834,-82.7251885,Ingles Markets,33.7298143,-82.7175182,"110 Ann Denard Drive, Washington",ChIJnWtN3W2l94gRxkhtinYYczM
205,Clayton County, Kemp Primary,33.7345834,-82.7251885,Family Dollar,33.72567699999999,-82.718119,"164 Bi-Lo Plaza, Washington",ChIJlYwf8G2l94gRxbbIZSoRgvw
197,Clayton County, Kendrick Middle School,33.5366617,-84.387879,H Mart Riverdale,33.5828934,-84.41264340000001,"6335 Georgia 85, Riverdale",ChIJTfOT55389IgRMdwExIWG6Ho
197,Clayton County, Kendrick Middle School,33.5366617,-84.387879,ALDI,33.4725516,-84.444543,"1060 Highway 85 North, Fayetteville",ChIJWRZMROfv9IgRIua9mO_7RFA
197,Clayton County, Kendrick Middle School,33.5366617,-84.387879,Publix Super Market at Mt. Zion,33.5616957,-84.3251349,"2035 Mount Zion Road, Morrow",ChIJAYU2wP379IgRV6JG0RTvF-I
197,Clayton County, Kendrick Middle School,33.5366617,-84.387879,ALDI,33.5965424,-84.4279763,"5820 Riverdale Road, College Park",ChIJxyDTmrD89IgRgrZH3KFM1JQ
197,Clayton County, Kendrick Middle School,33.5366617,-84.387879,H Mart Riverdale,33.5828934,-84.41264340000001,"6335 Georgia 85, Riverdale",ChIJTfOT55389IgRMdwExIWG6Ho
197,Clayton County, Kendrick Middle School,33.5366617,-84.387879,ALDI,33.4725516,-84.444543,"1060 Highway 85 North, Fayetteville",ChIJWRZMROfv9IgRIua9mO_7RFA
197,Clayton County, Kendrick Middle School,33.5366617,-84.387879,Publix Super Market at Mt. Zion,33.5616957,-84.3251349,"2035 Mount Zion Road, Morrow",ChIJAYU2wP379IgRV6JG0RTvF-I
197,Clayton County, Kendrick Middle School,33.5366617,-84.387879,ALDI,33.5965424,-84.4279763,"5820 Riverdale Road, College Park",ChIJxyDTmrD89IgRgrZH3KFM1JQ
197,Clayton County, Kendrick Middle School,32.7266367,-82.7328022,Family Dollar,32.7321015,-82.7218584,"212 West Trilby Street, Wrightsville",ChIJBQHZVSvO8IgRMe3LlKPs378
197,Clayton County, Kendrick Middle School,32.7266367,-82.7328022,Family Dollar,32.7321015,-82.7218584,"212 West Trilby Street, Wrightsville",ChIJBQHZVSvO8IgRMe3LlKPs378
173,Clayton County, Kilpatrick Elementary School,33.5484009,-84.3574277,H Mart Riverdale,33.5828934,-84.41264340000001,"6335 Georgia 85, Riverdale",ChIJTfOT55389IgRMdwExIWG6Ho
173,Clayton County, Kilpatrick Elementary School,33.5484009,-84.3574277,Publix Super Market at Mt. Zion,33.5616957,-84.3251349,"2035 Mount Zion Road, Morrow",ChIJAYU2wP379IgRV6JG0RTvF-I
173,Clayton County, Kilpatrick Elementary School,33.5484009,-84.3574277,ALDI,33.55104550000001,-84.2550409,"5420 North Henry Boulevard, Stockbridge",ChIJ0zKb7T1W9IgR1wzlIeh8LC0
173,Clayton County, Kilpatrick Elementary School,33.5484009,-84.3574277,ALDI,33.5965424,-84.4279763,"5820 Riverdale Road, College Park",ChIJxyDTmrD89IgRgrZH3KFM1JQ
4056,Clayton County, Lake City Elementary School,33.6081437,-84.3549443,H Mart Riverdale,33.5828934,-84.41264340000001,"6335 Georgia 85, Riverdale",ChIJTfOT55389IgRMdwExIWG6Ho
4056,Clayton County, Lake City Elementary School,33.6081437,-84.3549443,Publix Super Market at Mt. Zion,33.5616957,-84.3251349,"2035 Mount Zion Road, Morrow",ChIJAYU2wP379IgRV6JG0RTvF-I
4056,Clayton County, Lake City Elementary School,33.6081437,-84.3549443,ALDI,33.5965424,-84.4279763,"5820 Riverdale Road, College Park",ChIJxyDTmrD89IgRgrZH3KFM1JQ
4056,Clayton County, Lake City Elementary School,33.6081437,-84.3549443,Kroger,33.68236810000001,-84.4093793,"2685 Metropolitan Parkway Southwest, Atlanta",ChIJ98UKmpAC9YgRx_FrB4QSp7o
295,Clayton County, Lake Ridge Elementary School,33.5394481,-84.432283,H Mart Riverdale,33.5828934,-84.41264340000001,"6335 Georgia 85, Riverdale",ChIJTfOT55389IgRMdwExIWG6Ho
295,Clayton County, Lake Ridge Elementary School,33.5394481,-84.432283,ALDI,33.4725516,-84.444543,"1060 Highway 85 North, Fayetteville",ChIJWRZMROfv9IgRIua9mO_7RFA
295,Clayton County, Lake Ridge Elementary School,33.5394481,-84.432283,Family Dollar,33.5811233,-84.4719009,"6385 Old National Highway, Atlanta",ChIJe6LPrILk9IgR-dySV--a3Ls
295,Clayton County, Lake Ridge Elementary School,33.5394481,-84.432283,ALDI,33.5965424,-84.4279763,"5820 Riverdale Road, College Park",ChIJxyDTmrD89IgRgrZH3KFM1JQ
1058,Clayton County, Lee Street Elementary School,33.5237851,-84.3559302,H Mart Riverdale,33.5828934,-84.41264340000001,"6335 Georgia 85, Riverdale",ChIJTfOT55389IgRMdwExIWG6Ho
1058,Clayton County, Lee Street Elementary School,33.5237851,-84.3559302,Publix Super Market at Mt. Zion,33.5616957,-84.3251349,"2035 Mount Zion Road, Morrow",ChIJAYU2wP379IgRV6JG0RTvF-I
1058,Clayton County, Lee Street Elementary School,33.5237851,-84.3559302,ALDI,33.4418943,-84.322878,"11499 Tara Boulevard, Lovejoy",ChIJX7zpyuL29IgRptD3eaYlZ14
1058,Clayton County, Lee Street Elementary School,33.5237851,-84.3559302,ALDI,33.5341018,-84.3697912,"615 North Avenue, Jonesboro",ChIJn1-5qzT69IgRVYRQO4TJAW8
190,Clayton County, Lovejoy High School,33.4446863,-84.33793589999999,ALDI,33.4418943,-84.322878,"11499 Tara Boulevard, Lovejoy",ChIJX7zpyuL29IgRptD3eaYlZ14
190,Clayton County, Lovejoy High School,33.4446863,-84.33793589999999,Food Depot,33.449701,-84.3273957,"11155 Tara Boulevard, Hampton",ChIJ-fUh5Rv39IgRXFxSmVpMkkw
190,Clayton County, Lovejoy High School,33.4446863,-84.33793589999999,Family Dollar,33.4524057,-84.3253613,"11108 Tara Boulevard, Lovejoy",ChIJaxiUzhX39IgRWxySNUd0818
191,Clayton County, Lovejoy Middle School,33.4430302,-84.3399082,ALDI,33.4418943,-84.322878,"11499 Tara Boulevard, Lovejoy",ChIJX7zpyuL29IgRptD3eaYlZ14
191,Clayton County, Lovejoy Middle School,33.4430302,-84.3399082,Food Depot,33.449701,-84.3273957,"11155 Tara Boulevard, Hampton",ChIJ-fUh5Rv39IgRXFxSmVpMkkw
191,Clayton County, Lovejoy Middle School,33.4430302,-84.3399082,Family Dollar,33.4524057,-84.3253613,"11108 Tara Boulevard, Lovejoy",ChIJaxiUzhX39IgRWxySNUd0818
100,Clayton County, M. D. Roberts Middle School,33.0836517,-83.2664898,Piggly Wiggly,33.0717281,-83.22557390000001,"731 South Wayne Street, Milledgeville",ChIJ0S-cSXTI9ogRDi8J4rYg5i8
100,Clayton County, M. D. Roberts Middle School,33.0836517,-83.2664898,Food Depot,33.101961,-83.25137289999999,"1850 North Columbia Street, Milledgeville",ChIJ792XhnW49ogRzX5zsT1Cjdg
100,Clayton County, M. D. Roberts Middle School,33.0836517,-83.2664898,ALDI,33.1073428,-83.2541809,"1978 North Columbia Street, Milledgeville",ChIJ7e0uBHe49ogRA7mBl9J0k8E
100,Clayton County, M. D. Roberts Middle School,33.0836517,-83.2664898,Piggly Wiggly,33.0717281,-83.22557390000001,"731 South Wayne Street, Milledgeville",ChIJ0S-cSXTI9ogRDi8J4rYg5i8
100,Clayton County, M. D. Roberts Middle School,33.0836517,-83.2664898,Food Depot,33.101961,-83.25137289999999,"1850 North Columbia Street, Milledgeville",ChIJ792XhnW49ogRzX5zsT1Cjdg
100,Clayton County, M. D. Roberts Middle School,33.0836517,-83.2664898,ALDI,33.1073428,-83.2541809,"1978 North Columbia Street, Milledgeville",ChIJ7e0uBHe49ogRA7mBl9J0k8E
100,Clayton County, M. D. Roberts Middle School,33.5220398,-84.331199,ALDI,33.55104550000001,-84.2550409,"5420 North Henry Boulevard, Stockbridge",ChIJ0zKb7T1W9IgR1wzlIeh8LC0
100,Clayton County, M. D. Roberts Middle School,33.5220398,-84.331199,ALDI,33.4418943,-84.322878,"11499 Tara Boulevard, Lovejoy",ChIJX7zpyuL29IgRptD3eaYlZ14
100,Clayton County, M. D. Roberts Middle School,33.5220398,-84.331199,Publix Super Market at Mt. Zion,33.5616957,-84.3251349,"2035 Mount Zion Road, Morrow",ChIJAYU2wP379IgRV6JG0RTvF-I
100,Clayton County, M. D. Roberts Middle School,33.5220398,-84.331199,ALDI,33.5341018,-84.3697912,"615 North Avenue, Jonesboro",ChIJn1-5qzT69IgRVYRQO4TJAW8
100,Clayton County, M. D. Roberts Middle School,33.5220398,-84.331199,ALDI,33.55104550000001,-84.2550409,"5420 North Henry Boulevard, Stockbridge",ChIJ0zKb7T1W9IgR1wzlIeh8LC0
100,Clayton County, M. D. Roberts Middle School,33.5220398,-84.331199,ALDI,33.4418943,-84.322878,"11499 Tara Boulevard, Lovejoy",ChIJX7zpyuL29IgRptD3eaYlZ14
100,Clayton County, M. D. Roberts Middle School,33.5220398,-84.331199,Publix Super Market at Mt. Zion,33.5616957,-84.3251349,"2035 Mount Zion Road, Morrow",ChIJAYU2wP379IgRV6JG0RTvF-I
100,Clayton County, M. D. Roberts Middle School,33.5220398,-84.331199,ALDI,33.5341018,-84.3697912,"615 North Avenue, Jonesboro",ChIJn1-5qzT69IgRVYRQO4TJAW8
215,Clayton County, Martha Ellen Stilwell School for the Performing Arts,33.5560605,-84.3064533,ALDI,33.55104550000001,-84.2550409,"5420 North Henry Boulevard, Stockbridge",ChIJ0zKb7T1W9IgR1wzlIeh8LC0
215,Clayton County, Martha Ellen Stilwell School for the Performing Arts,33.5560605,-84.3064533,Publix Super Market at Mt. Zion,33.5616957,-84.3251349,"2035 Mount Zion Road, Morrow",ChIJAYU2wP379IgRV6JG0RTvF-I
215,Clayton County, Martha Ellen Stilwell School for the Performing Arts,33.5560605,-84.3064533,ALDI,33.5341018,-84.3697912,"615 North Avenue, Jonesboro",ChIJn1-5qzT69IgRVYRQO4TJAW8
215,Clayton County, Martha Ellen Stilwell School for the Performing Arts,33.5560605,-84.3064533,Publix Super Market at Stockbridge Lakes,33.55506739999999,-84.2324064,"250 East Atlanta Road, Stockbridge",ChIJd1hQSGFW9IgRLD-0eqjpcbA
204,Clayton County, Martin Luther King  Jr. Elementary School,33.4350777,-84.3082211,ALDI,33.4418943,-84.322878,"11499 Tara Boulevard, Lovejoy",ChIJX7zpyuL29IgRptD3eaYlZ14
204,Clayton County, Martin Luther King  Jr. Elementary School,33.4350777,-84.3082211,Food Depot,33.449701,-84.3273957,"11155 Tara Boulevard, Hampton",ChIJ-fUh5Rv39IgRXFxSmVpMkkw
204,Clayton County, Martin Luther King  Jr. Elementary School,33.4350777,-84.3082211,Family Dollar,33.4524057,-84.3253613,"11108 Tara Boulevard, Lovejoy",ChIJaxiUzhX39IgRWxySNUd0818
379,Clayton County, Michelle Obama STEM Elementary Academy,33.5985761,-84.41308099999999,H Mart Riverdale,33.5828934,-84.41264340000001,"6335 Georgia 85, Riverdale",ChIJTfOT55389IgRMdwExIWG6Ho
379,Clayton County, Michelle Obama STEM Elementary Academy,33.5985761,-84.41308099999999,Family Dollar,33.5811233,-84.4719009,"6385 Old National Highway, Atlanta",ChIJe6LPrILk9IgR-dySV--a3Ls
379,Clayton County, Michelle Obama STEM Elementary Academy,33.5985761,-84.41308099999999,Kroger,33.68236810000001,-84.4093793,"2685 Metropolitan Parkway Southwest, Atlanta",ChIJ98UKmpAC9YgRx_FrB4QSp7o
379,Clayton County, Michelle Obama STEM Elementary Academy,33.5985761,-84.41308099999999,ALDI,33.5965424,-84.4279763,"5820 Riverdale Road, College Park",ChIJxyDTmrD89IgRgrZH3KFM1JQ
2058,Clayton County, Morrow Elementary School,33.58826730000001,-84.3426918,H Mart Riverdale,33.5828934,-84.41264340000001,"6335 Georgia 85, Riverdale",ChIJTfOT55389IgRMdwExIWG6Ho
2058,Clayton County, Morrow Elementary School,33.58826730000001,-84.3426918,ALDI,33.55104550000001,-84.2550409,"5420 North Henry Boulevard, Stockbridge",ChIJ0zKb7T1W9IgR1wzlIeh8LC0
2058,Clayton County, Morrow Elementary School,33.58826730000001,-84.3426918,Publix Super Market at Mt. Zion,33.5616957,-84.3251349,"2035 Mount Zion Road, Morrow",ChIJAYU2wP379IgRV6JG0RTvF-I
2058,Clayton County, Morrow Elementary School,33.58826730000001,-84.3426918,ALDI,33.5965424,-84.4279763,"5820 Riverdale Road, College Park",ChIJxyDTmrD89IgRgrZH3KFM1JQ
4058,Clayton County, Morrow High School,33.5938501,-84.3139762,ALDI,33.55104550000001,-84.2550409,"5420 North Henry Boulevard, Stockbridge",ChIJ0zKb7T1W9IgR1wzlIeh8LC0
4058,Clayton County, Morrow High School,33.5938501,-84.3139762,H Mart Riverdale,33.5828934,-84.41264340000001,"6335 Georgia 85, Riverdale",ChIJTfOT55389IgRMdwExIWG6Ho
4058,Clayton County, Morrow High School,33.5938501,-84.3139762,Publix Super Market at Mt. Zion,33.5616957,-84.3251349,"2035 Mount Zion Road, Morrow",ChIJAYU2wP379IgRV6JG0RTvF-I
4058,Clayton County, Morrow High School,33.5938501,-84.3139762,ALDI,33.5341018,-84.3697912,"615 North Avenue, Jonesboro",ChIJn1-5qzT69IgRVYRQO4TJAW8
117,Clayton County, Morrow Middle School,33.5941595,-84.3197718,H Mart Riverdale,33.5828934,-84.41264340000001,"6335 Georgia 85, Riverdale",ChIJTfOT55389IgRMdwExIWG6Ho
117,Clayton County, Morrow Middle School,33.5941595,-84.3197718,ALDI,33.55104550000001,-84.2550409,"5420 North Henry Boulevard, Stockbridge",ChIJ0zKb7T1W9IgR1wzlIeh8LC0
117,Clayton County, Morrow Middle School,33.5941595,-84.3197718,Publix Super Market at Mt. Zion,33.5616957,-84.3251349,"2035 Mount Zion Road, Morrow",ChIJAYU2wP379IgRV6JG0RTvF-I
117,Clayton County, Morrow Middle School,33.5941595,-84.3197718,ALDI,33.5341018,-84.3697912,"615 North Avenue, Jonesboro",ChIJn1-5qzT69IgRVYRQO4TJAW8
117,Clayton County, Morrow Middle School,33.5941595,-84.3197718,H Mart Riverdale,33.5828934,-84.41264340000001,"6335 Georgia 85, Riverdale",ChIJTfOT55389IgRMdwExIWG6Ho
117,Clayton County, Morrow Middle School,33.5941595,-84.3197718,ALDI,33.55104550000001,-84.2550409,"5420 North Henry Boulevard, Stockbridge",ChIJ0zKb7T1W9IgR1wzlIeh8LC0
117,Clayton County, Morrow Middle School,33.5941595,-84.3197718,Publix Super Market at Mt. Zion,33.5616957,-84.3251349,"2035 Mount Zion Road, Morrow",ChIJAYU2wP379IgRV6JG0RTvF-I
117,Clayton County, Morrow Middle School,33.5941595,-84.3197718,ALDI,33.5341018,-84.3697912,"615 North Avenue, Jonesboro",ChIJn1-5qzT69IgRVYRQO4TJAW8
117,Clayton County, Morrow Middle School,30.8252737,-83.26782759999999,Publix Super Market at Baytree Village,30.8456768,-83.32284399999999,"1741 Gornto Road, Valdosta",ChIJ35WNwJBm7ogRdT82kQmDWH4
117,Clayton County, Morrow Middle School,30.8252737,-83.26782759999999,Family Dollar,30.8367512,-83.317776,"964 Saint Augustine Road, Valdosta",ChIJc4T_1L9m7ogRI7Ht7rcBbC4
117,Clayton County, Morrow Middle School,30.8252737,-83.26782759999999,Family Dollar,30.8561498,-83.2802432,"1905 North Ashley Street, Valdosta",ChIJyQ6q_whn7ogRlOmWjkS-eQk
117,Clayton County, Morrow Middle School,30.8252737,-83.26782759999999,Publix Super Market at Baytree Village,30.8456768,-83.32284399999999,"1741 Gornto Road, Valdosta",ChIJ35WNwJBm7ogRdT82kQmDWH4
117,Clayton County, Morrow Middle School,30.8252737,-83.26782759999999,Family Dollar,30.8367512,-83.317776,"964 Saint Augustine Road, Valdosta",ChIJc4T_1L9m7ogRI7Ht7rcBbC4
117,Clayton County, Morrow Middle School,30.8252737,-83.26782759999999,Family Dollar,30.8561498,-83.2802432,"1905 North Ashley Street, Valdosta",ChIJyQ6q_whn7ogRlOmWjkS-eQk
176,Clayton County, Mount Zion Elementary School,33.5558499,-84.29333749999999,ALDI,33.55104550000001,-84.2550409,"5420 North Henry Boulevard, Stockbridge",ChIJ0zKb7T1W9IgR1wzlIeh8LC0
176,Clayton County, Mount Zion Elementary School,33.5558499,-84.29333749999999,Publix Super Market at Mt. Zion,33.5616957,-84.3251349,"2035 Mount Zion Road, Morrow",ChIJAYU2wP379IgRV6JG0RTvF-I
176,Clayton County, Mount Zion Elementary School,33.5558499,-84.29333749999999,ALDI,33.5341018,-84.3697912,"615 North Avenue, Jonesboro",ChIJn1-5qzT69IgRVYRQO4TJAW8
176,Clayton County, Mount Zion Elementary School,33.5558499,-84.29333749999999,Publix Super Market at Stockbridge Lakes,33.55506739999999,-84.2324064,"250 East Atlanta Road, Stockbridge",ChIJd1hQSGFW9IgRLD-0eqjpcbA
290,Clayton County, Mount Zion High School,33.5545272,-84.3098552,ALDI,33.55104550000001,-84.2550409,"5420 North Henry Boulevard, Stockbridge",ChIJ0zKb7T1W9IgR1wzlIeh8LC0
290,Clayton County, Mount Zion High School,33.5545272,-84.3098552,Publix Super Market at Mt. Zion,33.5616957,-84.3251349,"2035 Mount Zion Road, Morrow",ChIJAYU2wP379IgRV6JG0RTvF-I
290,Clayton County, Mount Zion High School,33.5545272,-84.3098552,ALDI,33.5341018,-84.3697912,"615 North Avenue, Jonesboro",ChIJn1-5qzT69IgRVYRQO4TJAW8
290,Clayton County, Mount Zion High School,33.5545272,-84.3098552,Publix Super Market at Stockbridge Lakes,33.55506739999999,-84.2324064,"250 East Atlanta Road, Stockbridge",ChIJd1hQSGFW9IgRLD-0eqjpcbA
109,Clayton County, Mount Zion Primary,33.5564108,-84.2951056,ALDI,33.55104550000001,-84.2550409,"5420 North Henry Boulevard, Stockbridge",ChIJ0zKb7T1W9IgR1wzlIeh8LC0
109,Clayton County, Mount Zion Primary,33.5564108,-84.2951056,Publix Super Market at Mt. Zion,33.5616957,-84.3251349,"2035 Mount Zion Road, Morrow",ChIJAYU2wP379IgRV6JG0RTvF-I
109,Clayton County, Mount Zion Primary,33.5564108,-84.2951056,ALDI,33.5341018,-84.3697912,"615 North Avenue, Jonesboro",ChIJn1-5qzT69IgRVYRQO4TJAW8
109,Clayton County, Mount Zion Primary,33.5564108,-84.2951056,Publix Super Market at Stockbridge Lakes,33.55506739999999,-84.2324064,"250 East Atlanta Road, Stockbridge",ChIJd1hQSGFW9IgRLD-0eqjpcbA
104,Clayton County, Mundy's Mill High School,33.4914652,-84.38393769999999,ALDI,33.4725516,-84.444543,"1060 Highway 85 North, Fayetteville",ChIJWRZMROfv9IgRIua9mO_7RFA
104,Clayton County, Mundy's Mill High School,33.4914652,-84.38393769999999,ALDI,33.4418943,-84.322878,"11499 Tara Boulevard, Lovejoy",ChIJX7zpyuL29IgRptD3eaYlZ14
104,Clayton County, Mundy's Mill High School,33.4914652,-84.38393769999999,ALDI,33.5341018,-84.3697912,"615 North Avenue, Jonesboro",ChIJn1-5qzT69IgRVYRQO4TJAW8
104,Clayton County, Mundy's Mill High School,33.4914652,-84.38393769999999,Publix Super Market at Mt. Zion,33.5616957,-84.3251349,"2035 Mount Zion Road, Morrow",ChIJAYU2wP379IgRV6JG0RTvF-I
174,Clayton County, Mundys Mill Middle School,33.4862188,-84.3512575,ALDI,33.4418943,-84.322878,"11499 Tara Boulevard, Lovejoy",ChIJX7zpyuL29IgRptD3eaYlZ14
174,Clayton County, Mundys Mill Middle School,33.4862188,-84.3512575,ALDI,33.4725516,-84.444543,"1060 Highway 85 North, Fayetteville",ChIJWRZMROfv9IgRIua9mO_7RFA
174,Clayton County, Mundys Mill Middle School,33.4862188,-84.3512575,Publix Super Market at Mt. Zion,33.5616957,-84.3251349,"2035 Mount Zion Road, Morrow",ChIJAYU2wP379IgRV6JG0RTvF-I
174,Clayton County, Mundys Mill Middle School,33.4862188,-84.3512575,ALDI,33.5341018,-84.3697912,"615 North Avenue, Jonesboro",ChIJn1-5qzT69IgRVYRQO4TJAW8
2052,Clayton County, North Clayton High School,33.6099636,-84.4423072,H Mart Riverdale,33.5828934,-84.41264340000001,"6335 Georgia 85, Riverdale",ChIJTfOT55389IgRMdwExIWG6Ho
2052,Clayton County, North Clayton High School,33.6099636,-84.4423072,Kroger,33.68236810000001,-84.4093793,"2685 Metropolitan Parkway Southwest, Atlanta",ChIJ98UKmpAC9YgRx_FrB4QSp7o
2052,Clayton County, North Clayton High School,33.6099636,-84.4423072,Piggly Wiggly,33.670255,-84.4612186,"3100 Washington Road, East Point",ChIJF1Bdx5_i9IgRTn4Vb2KDm4M
2052,Clayton County, North Clayton High School,33.6099636,-84.4423072,Family Dollar,33.5811233,-84.4719009,"6385 Old National Highway, Atlanta",ChIJe6LPrILk9IgR-dySV--a3Ls
3052,Clayton County, North Clayton Middle School,33.6050409,-84.4473366,H Mart Riverdale,33.5828934,-84.41264340000001,"6335 Georgia 85, Riverdale",ChIJTfOT55389IgRMdwExIWG6Ho
3052,Clayton County, North Clayton Middle School,33.6050409,-84.4473366,Piggly Wiggly,33.670255,-84.4612186,"3100 Washington Road, East Point",ChIJF1Bdx5_i9IgRTn4Vb2KDm4M
3052,Clayton County, North Clayton Middle School,33.6050409,-84.4473366,Family Dollar,33.5811233,-84.4719009,"6385 Old National Highway, Atlanta",ChIJe6LPrILk9IgR-dySV--a3Ls
3052,Clayton County, North Clayton Middle School,33.6050409,-84.4473366,Kroger,33.68236810000001,-84.4093793,"2685 Metropolitan Parkway Southwest, Atlanta",ChIJ98UKmpAC9YgRx_FrB4QSp7o
1060,Clayton County, Northcutt Elementary School,33.6067572,-84.4477057,H Mart Riverdale,33.5828934,-84.41264340000001,"6335 Georgia 85, Riverdale",ChIJTfOT55389IgRMdwExIWG6Ho
1060,Clayton County, Northcutt Elementary School,33.6067572,-84.4477057,Piggly Wiggly,33.670255,-84.4612186,"3100 Washington Road, East Point",ChIJF1Bdx5_i9IgRTn4Vb2KDm4M
1060,Clayton County, Northcutt Elementary School,33.6067572,-84.4477057,Family Dollar,33.5811233,-84.4719009,"6385 Old National Highway, Atlanta",ChIJe6LPrILk9IgR-dySV--a3Ls
1060,Clayton County, Northcutt Elementary School,33.6067572,-84.4477057,Kroger,33.68236810000001,-84.4093793,"2685 Metropolitan Parkway Southwest, Atlanta",ChIJ98UKmpAC9YgRx_FrB4QSp7o
276,Clayton County, Oliver Elementary School,33.5787838,-84.4447835,H Mart Riverdale,33.5828934,-84.41264340000001,"6335 Georgia 85, Riverdale",ChIJTfOT55389IgRMdwExIWG6Ho
276,Clayton County, Oliver Elementary School,33.5787838,-84.4447835,Family Dollar,33.5811233,-84.4719009,"6385 Old National Highway, Atlanta",ChIJe6LPrILk9IgR-dySV--a3Ls
276,Clayton County, Oliver Elementary School,33.5787838,-84.4447835,ALDI,33.5965424,-84.4279763,"5820 Riverdale Road, College Park",ChIJxyDTmrD89IgRgrZH3KFM1JQ
276,Clayton County, Oliver Elementary School,33.5787838,-84.4447835,ALDI,33.5341018,-84.3697912,"615 North Avenue, Jonesboro",ChIJn1-5qzT69IgRVYRQO4TJAW8
378,Clayton County, Perry Career Academy ,33.5242685,-84.3588876,H Mart Riverdale,33.5828934,-84.41264340000001,"6335 Georgia 85, Riverdale",ChIJTfOT55389IgRMdwExIWG6Ho
378,Clayton County, Perry Career Academy ,33.5242685,-84.3588876,Publix Super Market at Mt. Zion,33.5616957,-84.3251349,"2035 Mount Zion Road, Morrow",ChIJAYU2wP379IgRV6JG0RTvF-I
378,Clayton County, Perry Career Academy ,33.5242685,-84.3588876,ALDI,33.4725516,-84.444543,"1060 Highway 85 North, Fayetteville",ChIJWRZMROfv9IgRIua9mO_7RFA
378,Clayton County, Perry Career Academy ,33.5242685,-84.3588876,ALDI,33.5341018,-84.3697912,"615 North Avenue, Jonesboro",ChIJn1-5qzT69IgRVYRQO4TJAW8
181,Clayton County, Pointe South Elementary School,33.5229072,-84.41168569999999,H Mart Riverdale,33.5828934,-84.41264340000001,"6335 Georgia 85, Riverdale",ChIJTfOT55389IgRMdwExIWG6Ho
181,Clayton County, Pointe South Elementary School,33.5229072,-84.41168569999999,ALDI,33.4725516,-84.444543,"1060 Highway 85 North, Fayetteville",ChIJWRZMROfv9IgRIua9mO_7RFA
181,Clayton County, Pointe South Elementary School,33.5229072,-84.41168569999999,Family Dollar,33.5811233,-84.4719009,"6385 Old National Highway, Atlanta",ChIJe6LPrILk9IgR-dySV--a3Ls
181,Clayton County, Pointe South Elementary School,33.5229072,-84.41168569999999,ALDI,33.5965424,-84.4279763,"5820 Riverdale Road, College Park",ChIJxyDTmrD89IgRgrZH3KFM1JQ
277,Clayton County, Pointe South Middle School,33.5209044,-84.41176779999999,H Mart Riverdale,33.5828934,-84.41264340000001,"6335 Georgia 85, Riverdale",ChIJTfOT55389IgRMdwExIWG6Ho
277,Clayton County, Pointe South Middle School,33.5209044,-84.41176779999999,ALDI,33.4725516,-84.444543,"1060 Highway 85 North, Fayetteville",ChIJWRZMROfv9IgRIua9mO_7RFA
277,Clayton County, Pointe South Middle School,33.5209044,-84.41176779999999,Family Dollar,33.5811233,-84.4719009,"6385 Old National Highway, Atlanta",ChIJe6LPrILk9IgR-dySV--a3Ls
277,Clayton County, Pointe South Middle School,33.5209044,-84.41176779999999,ALDI,33.5965424,-84.4279763,"5820 Riverdale Road, College Park",ChIJxyDTmrD89IgRgrZH3KFM1JQ
207,Clayton County, Rex Mill Middle School,33.5814746,-84.28276869999999,ALDI,33.55104550000001,-84.2550409,"5420 North Henry Boulevard, Stockbridge",ChIJ0zKb7T1W9IgR1wzlIeh8LC0
207,Clayton County, Rex Mill Middle School,33.5814746,-84.28276869999999,Publix Super Market at Mt. Zion,33.5616957,-84.3251349,"2035 Mount Zion Road, Morrow",ChIJAYU2wP379IgRV6JG0RTvF-I
207,Clayton County, Rex Mill Middle School,33.5814746,-84.28276869999999,Publix Super Market at Stockbridge Lakes,33.55506739999999,-84.2324064,"250 East Atlanta Road, Stockbridge",ChIJd1hQSGFW9IgRLD-0eqjpcbA
207,Clayton County, Rex Mill Middle School,33.5814746,-84.28276869999999,Family Dollar,33.5834202,-84.31368839999999,"2350 Lake Harbin Road, Morrow",ChIJaV_fEtb-9IgRnuo4JeMnKAI
2060,Clayton County, Riverdale Elementary School,33.5850886,-84.39239479999999,H Mart Riverdale,33.5828934,-84.41264340000001,"6335 Georgia 85, Riverdale",ChIJTfOT55389IgRMdwExIWG6Ho
2060,Clayton County, Riverdale Elementary School,33.5850886,-84.39239479999999,Family Dollar,33.5811233,-84.4719009,"6385 Old National Highway, Atlanta",ChIJe6LPrILk9IgR-dySV--a3Ls
2060,Clayton County, Riverdale Elementary School,33.5850886,-84.39239479999999,ALDI,33.5965424,-84.4279763,"5820 Riverdale Road, College Park",ChIJxyDTmrD89IgRgrZH3KFM1JQ
2060,Clayton County, Riverdale Elementary School,33.5850886,-84.39239479999999,Publix Super Market at Mt. Zion,33.5616957,-84.3251349,"2035 Mount Zion Road, Morrow",ChIJAYU2wP379IgRV6JG0RTvF-I
377,Clayton County, Riverdale High School,33.5582214,-84.4034673,H Mart Riverdale,33.5828934,-84.41264340000001,"6335 Georgia 85, Riverdale",ChIJTfOT55389IgRMdwExIWG6Ho
377,Clayton County, Riverdale High School,33.5582214,-84.4034673,Family Dollar,33.5811233,-84.4719009,"6385 Old National Highway, Atlanta",ChIJe6LPrILk9IgR-dySV--a3Ls
377,Clayton County, Riverdale High School,33.5582214,-84.4034673,ALDI,33.5965424,-84.4279763,"5820 Riverdale Road, College Park",ChIJxyDTmrD89IgRgrZH3KFM1JQ
377,Clayton County, Riverdale High School,33.5582214,-84.4034673,Publix Super Market at Mt. Zion,33.5616957,-84.3251349,"2035 Mount Zion Road, Morrow",ChIJAYU2wP379IgRV6JG0RTvF-I
3060,Clayton County, Riverdale Middle School,33.5632119,-84.4070483,H Mart Riverdale,33.5828934,-84.41264340000001,"6335 Georgia 85, Riverdale",ChIJTfOT55389IgRMdwExIWG6Ho
3060,Clayton County, Riverdale Middle School,33.5632119,-84.4070483,Family Dollar,33.5811233,-84.4719009,"6385 Old National Highway, Atlanta",ChIJe6LPrILk9IgR-dySV--a3Ls
3060,Clayton County, Riverdale Middle School,33.5632119,-84.4070483,ALDI,33.5965424,-84.4279763,"5820 Riverdale Road, College Park",ChIJxyDTmrD89IgRgrZH3KFM1JQ
3060,Clayton County, Riverdale Middle School,33.5632119,-84.4070483,Publix Super Market at Mt. Zion,33.5616957,-84.3251349,"2035 Mount Zion Road, Morrow",ChIJAYU2wP379IgRV6JG0RTvF-I
195,Clayton County, River's Edge Elementary School,33.4200186,-84.3896341,ALDI,33.4725516,-84.444543,"1060 Highway 85 North, Fayetteville",ChIJWRZMROfv9IgRIua9mO_7RFA
195,Clayton County, River's Edge Elementary School,33.4200186,-84.3896341,ALDI,33.4418943,-84.322878,"11499 Tara Boulevard, Lovejoy",ChIJX7zpyuL29IgRptD3eaYlZ14
195,Clayton County, River's Edge Elementary School,33.4200186,-84.3896341,Publix Super Market at Fayette Pavilion,33.47841700000001,-84.4385971,"108 Pavilion Parkway, Fayetteville",ChIJ-UxfhuTv9IgRdENCHo9qid0
195,Clayton County, River's Edge Elementary School,33.4200186,-84.3896341,ALDI,33.4725516,-84.444543,"1060 Highway 85 North, Fayetteville",ChIJWRZMROfv9IgRIua9mO_7RFA
195,Clayton County, River's Edge Elementary School,33.4200186,-84.3896341,ALDI,33.4418943,-84.322878,"11499 Tara Boulevard, Lovejoy",ChIJX7zpyuL29IgRptD3eaYlZ14
195,Clayton County, River's Edge Elementary School,33.4200186,-84.3896341,Publix Super Market at Fayette Pavilion,33.47841700000001,-84.4385971,"108 Pavilion Parkway, Fayetteville",ChIJ-UxfhuTv9IgRdENCHo9qid0
195,Clayton County, River's Edge Elementary School,30.8672948,-83.2507262,Publix Super Market at Baytree Village,30.8456768,-83.32284399999999,"1741 Gornto Road, Valdosta",ChIJ35WNwJBm7ogRdT82kQmDWH4
195,Clayton County, River's Edge Elementary School,30.8672948,-83.2507262,Family Dollar,30.8823,-83.2663,"3820 Inner Perimeter Road, Valdosta",ChIJawTapexn7ogRWCmZicGu4ag
195,Clayton County, River's Edge Elementary School,30.8672948,-83.2507262,Family Dollar,30.8561498,-83.2802432,"1905 North Ashley Street, Valdosta",ChIJyQ6q_whn7ogRlOmWjkS-eQk
195,Clayton County, River's Edge Elementary School,30.8672948,-83.2507262,Publix Super Market at Baytree Village,30.8456768,-83.32284399999999,"1741 Gornto Road, Valdosta",ChIJ35WNwJBm7ogRdT82kQmDWH4
195,Clayton County, River's Edge Elementary School,30.8672948,-83.2507262,Family Dollar,30.8823,-83.2663,"3820 Inner Perimeter Road, Valdosta",ChIJawTapexn7ogRWCmZicGu4ag
195,Clayton County, River's Edge Elementary School,30.8672948,-83.2507262,Family Dollar,30.8561498,-83.2802432,"1905 North Ashley Street, Valdosta",ChIJyQ6q_whn7ogRlOmWjkS-eQk
200,Clayton County, Roberta T. Smith Elementary School,33.5816867,-84.2874318,ALDI,33.55104550000001,-84.2550409,"5420 North Henry Boulevard, Stockbridge",ChIJ0zKb7T1W9IgR1wzlIeh8LC0
200,Clayton County, Roberta T. Smith Elementary School,33.5816867,-84.2874318,Publix Super Market at Mt. Zion,33.5616957,-84.3251349,"2035 Mount Zion Road, Morrow",ChIJAYU2wP379IgRV6JG0RTvF-I
200,Clayton County, Roberta T. Smith Elementary School,33.5816867,-84.2874318,Publix Super Market at Stockbridge Lakes,33.55506739999999,-84.2324064,"250 East Atlanta Road, Stockbridge",ChIJd1hQSGFW9IgRLD-0eqjpcbA
200,Clayton County, Roberta T. Smith Elementary School,33.5816867,-84.2874318,ALDI,33.5341018,-84.3697912,"615 North Avenue, Jonesboro",ChIJn1-5qzT69IgRVYRQO4TJAW8
107,Clayton County, Sequoyah Middle School,33.5644337,-84.3868116,H Mart Riverdale,33.5828934,-84.41264340000001,"6335 Georgia 85, Riverdale",ChIJTfOT55389IgRMdwExIWG6Ho
107,Clayton County, Sequoyah Middle School,33.5644337,-84.3868116,Family Dollar,33.5811233,-84.4719009,"6385 Old National Highway, Atlanta",ChIJe6LPrILk9IgR-dySV--a3Ls
107,Clayton County, Sequoyah Middle School,33.5644337,-84.3868116,Publix Super Market at Mt. Zion,33.5616957,-84.3251349,"2035 Mount Zion Road, Morrow",ChIJAYU2wP379IgRV6JG0RTvF-I
107,Clayton County, Sequoyah Middle School,33.5644337,-84.3868116,ALDI,33.5965424,-84.4279763,"5820 Riverdale Road, College Park",ChIJxyDTmrD89IgRgrZH3KFM1JQ
107,Clayton County, Sequoyah Middle School,33.5644337,-84.3868116,H Mart Riverdale,33.5828934,-84.41264340000001,"6335 Georgia 85, Riverdale",ChIJTfOT55389IgRMdwExIWG6Ho
107,Clayton County, Sequoyah Middle School,33.5644337,-84.3868116,Family Dollar,33.5811233,-84.4719009,"6385 Old National Highway, Atlanta",ChIJe6LPrILk9IgR-dySV--a3Ls
107,Clayton County, Sequoyah Middle School,33.5644337,-84.3868116,Publix Super Market at Mt. Zion,33.5616957,-84.3251349,"2035 Mount Zion Road, Morrow",ChIJAYU2wP379IgRV6JG0RTvF-I
107,Clayton County, Sequoyah Middle School,33.5644337,-84.3868116,ALDI,33.5965424,-84.4279763,"5820 Riverdale Road, College Park",ChIJxyDTmrD89IgRgrZH3KFM1JQ
107,Clayton County, Sequoyah Middle School,32.1938797,-82.57994649999999,Mount Vernon Grocery,32.1753593,-82.5943874,"304 South Railroad Avenue, Mount Vernon",ChIJjUKLOQX18IgRIJqQKa-heDA
107,Clayton County, Sequoyah Middle School,32.1938797,-82.57994649999999,Family Dollar,32.17286349999999,-82.5937582,"601 South Mason Street, Mount Vernon",ChIJTZX5WgX18IgRGfc859Ze39A
107,Clayton County, Sequoyah Middle School,32.1938797,-82.57994649999999,Chicken Houses,32.1619422,-82.5662416,"650 East Alston Road, Mount Vernon",ChIJSYTgwNj18IgRrqmHu00Y0j4
107,Clayton County, Sequoyah Middle School,32.1938797,-82.57994649999999,Mount Vernon Grocery,32.1753593,-82.5943874,"304 South Railroad Avenue, Mount Vernon",ChIJjUKLOQX18IgRIJqQKa-heDA
107,Clayton County, Sequoyah Middle School,32.1938797,-82.57994649999999,Family Dollar,32.17286349999999,-82.5937582,"601 South Mason Street, Mount Vernon",ChIJTZX5WgX18IgRGfc859Ze39A
107,Clayton County, Sequoyah Middle School,32.1938797,-82.57994649999999,Chicken Houses,32.1619422,-82.5662416,"650 East Alston Road, Mount Vernon",ChIJSYTgwNj18IgRrqmHu00Y0j4
4060,Clayton County, Suder Elementary School,33.5150776,-84.34561699999999,ALDI,33.4418943,-84.322878,"11499 Tara Boulevard, Lovejoy",ChIJX7zpyuL29IgRptD3eaYlZ14
4060,Clayton County, Suder Elementary School,33.5150776,-84.34561699999999,Publix Super Market at Mt. Zion,33.5616957,-84.3251349,"2035 Mount Zion Road, Morrow",ChIJAYU2wP379IgRV6JG0RTvF-I
4060,Clayton County, Suder Elementary School,33.5150776,-84.34561699999999,H Mart Riverdale,33.5828934,-84.41264340000001,"6335 Georgia 85, Riverdale",ChIJTfOT55389IgRMdwExIWG6Ho
4060,Clayton County, Suder Elementary School,33.5150776,-84.34561699999999,ALDI,33.55104550000001,-84.2550409,"5420 North Henry Boulevard, Stockbridge",ChIJ0zKb7T1W9IgR1wzlIeh8LC0
5060,Clayton County, Swint Elementary School,33.534934,-84.375435,H Mart Riverdale,33.5828934,-84.41264340000001,"6335 Georgia 85, Riverdale",ChIJTfOT55389IgRMdwExIWG6Ho
5060,Clayton County, Swint Elementary School,33.534934,-84.375435,ALDI,33.4725516,-84.444543,"1060 Highway 85 North, Fayetteville",ChIJWRZMROfv9IgRIua9mO_7RFA
5060,Clayton County, Swint Elementary School,33.534934,-84.375435,Publix Super Market at Mt. Zion,33.5616957,-84.3251349,"2035 Mount Zion Road, Morrow",ChIJAYU2wP379IgRV6JG0RTvF-I
5060,Clayton County, Swint Elementary School,33.534934,-84.375435,ALDI,33.5965424,-84.4279763,"5820 Riverdale Road, College Park",ChIJxyDTmrD89IgRgrZH3KFM1JQ
1062,Clayton County, Tara Elementary School,33.5715965,-84.360202,H Mart Riverdale,33.5828934,-84.41264340000001,"6335 Georgia 85, Riverdale",ChIJTfOT55389IgRMdwExIWG6Ho
1062,Clayton County, Tara Elementary School,33.5715965,-84.360202,Publix Super Market at Mt. Zion,33.5616957,-84.3251349,"2035 Mount Zion Road, Morrow",ChIJAYU2wP379IgRV6JG0RTvF-I
1062,Clayton County, Tara Elementary School,33.5715965,-84.360202,ALDI,33.5965424,-84.4279763,"5820 Riverdale Road, College Park",ChIJxyDTmrD89IgRgrZH3KFM1JQ
1062,Clayton County, Tara Elementary School,33.5715965,-84.360202,ALDI,33.5341018,-84.3697912,"615 North Avenue, Jonesboro",ChIJn1-5qzT69IgRVYRQO4TJAW8
105,Clayton County, Thurgood Marshall Elementary School,33.5937354,-84.31812769999999,H Mart Riverdale,33.5828934,-84.41264340000001,"6335 Georgia 85, Riverdale",ChIJTfOT55389IgRMdwExIWG6Ho
105,Clayton County, Thurgood Marshall Elementary School,33.5937354,-84.31812769999999,ALDI,33.55104550000001,-84.2550409,"5420 North Henry Boulevard, Stockbridge",ChIJ0zKb7T1W9IgR1wzlIeh8LC0
105,Clayton County, Thurgood Marshall Elementary School,33.5937354,-84.31812769999999,Publix Super Market at Mt. Zion,33.5616957,-84.3251349,"2035 Mount Zion Road, Morrow",ChIJAYU2wP379IgRV6JG0RTvF-I
105,Clayton County, Thurgood Marshall Elementary School,33.5937354,-84.31812769999999,ALDI,33.5341018,-84.3697912,"615 North Avenue, Jonesboro",ChIJn1-5qzT69IgRVYRQO4TJAW8
105,Clayton County, Thurgood Marshall Elementary School,33.5937354,-84.31812769999999,H Mart Riverdale,33.5828934,-84.41264340000001,"6335 Georgia 85, Riverdale",ChIJTfOT55389IgRMdwExIWG6Ho
105,Clayton County, Thurgood Marshall Elementary School,33.5937354,-84.31812769999999,ALDI,33.55104550000001,-84.2550409,"5420 North Henry Boulevard, Stockbridge",ChIJ0zKb7T1W9IgR1wzlIeh8LC0
105,Clayton County, Thurgood Marshall Elementary School,33.5937354,-84.31812769999999,Publix Super Market at Mt. Zion,33.5616957,-84.3251349,"2035 Mount Zion Road, Morrow",ChIJAYU2wP379IgRV6JG0RTvF-I
105,Clayton County, Thurgood Marshall Elementary School,33.5937354,-84.31812769999999,ALDI,33.5341018,-84.3697912,"615 North Avenue, Jonesboro",ChIJn1-5qzT69IgRVYRQO4TJAW8
105,Clayton County, Thurgood Marshall Elementary School,33.7288772,-82.720109,Terry's IGA,33.73614859999999,-82.7394473,"115 North Spring Street, Washington",ChIJidCGaIuv94gR-pjx2WR5QAY
105,Clayton County, Thurgood Marshall Elementary School,33.7288772,-82.720109,Ingles Markets,33.7298143,-82.7175182,"110 Ann Denard Drive, Washington",ChIJnWtN3W2l94gRxkhtinYYczM
105,Clayton County, Thurgood Marshall Elementary School,33.7288772,-82.720109,Family Dollar,33.72567699999999,-82.718119,"164 Bi-Lo Plaza, Washington",ChIJlYwf8G2l94gRxbbIZSoRgvw
105,Clayton County, Thurgood Marshall Elementary School,33.7288772,-82.720109,Terry's IGA,33.73614859999999,-82.7394473,"115 North Spring Street, Washington",ChIJidCGaIuv94gR-pjx2WR5QAY
105,Clayton County, Thurgood Marshall Elementary School,33.7288772,-82.720109,Ingles Markets,33.7298143,-82.7175182,"110 Ann Denard Drive, Washington",ChIJnWtN3W2l94gRxkhtinYYczM
105,Clayton County, Thurgood Marshall Elementary School,33.7288772,-82.720109,Family Dollar,33.72567699999999,-82.718119,"164 Bi-Lo Plaza, Washington",ChIJlYwf8G2l94gRxbbIZSoRgvw
307,Clayton County, Unidos Dual Language School,33.6322613,-84.3712292,H Mart Riverdale,33.5828934,-84.41264340000001,"6335 Georgia 85, Riverdale",ChIJTfOT55389IgRMdwExIWG6Ho
307,Clayton County, Unidos Dual Language School,33.6322613,-84.3712292,Kroger,33.68236810000001,-84.4093793,"2685 Metropolitan Parkway Southwest, Atlanta",ChIJ98UKmpAC9YgRx_FrB4QSp7o
307,Clayton County, Unidos Dual Language School,33.6322613,-84.3712292,ALDI,33.5965424,-84.4279763,"5820 Riverdale Road, College Park",ChIJxyDTmrD89IgRgrZH3KFM1JQ
307,Clayton County, Unidos Dual Language School,33.6322613,-84.3712292,ALDI,33.7137226,-84.35020159999999,"1461 Moreland Avenue Southeast, Atlanta",ChIJNYyG134B9YgRUJOqTz5seeQ
2062,Clayton County, West Clayton Elementary School,33.6037266,-84.43091900000002,H Mart Riverdale,33.5828934,-84.41264340000001,"6335 Georgia 85, Riverdale",ChIJTfOT55389IgRMdwExIWG6Ho
2062,Clayton County, West Clayton Elementary School,33.6037266,-84.43091900000002,Kroger,33.68236810000001,-84.4093793,"2685 Metropolitan Parkway Southwest, Atlanta",ChIJ98UKmpAC9YgRx_FrB4QSp7o
2062,Clayton County, West Clayton Elementary School,33.6037266,-84.43091900000002,Family Dollar,33.5811233,-84.4719009,"6385 Old National Highway, Atlanta",ChIJe6LPrILk9IgR-dySV--a3Ls
2062,Clayton County, West Clayton Elementary School,33.6037266,-84.43091900000002,Piggly Wiggly,33.670255,-84.4612186,"3100 Washington Road, East Point",ChIJF1Bdx5_i9IgRTn4Vb2KDm4M
5056,Clayton County, William M. McGarrah Elementary School,33.5814558,-84.3183743,H Mart Riverdale,33.5828934,-84.41264340000001,"6335 Georgia 85, Riverdale",ChIJTfOT55389IgRMdwExIWG6Ho
5056,Clayton County, William M. McGarrah Elementary School,33.5814558,-84.3183743,ALDI,33.55104550000001,-84.2550409,"5420 North Henry Boulevard, Stockbridge",ChIJ0zKb7T1W9IgR1wzlIeh8LC0
5056,Clayton County, William M. McGarrah Elementary School,33.5814558,-84.3183743,Publix Super Market at Mt. Zion,33.5616957,-84.3251349,"2035 Mount Zion Road, Morrow",ChIJAYU2wP379IgRV6JG0RTvF-I
5056,Clayton County, William M. McGarrah Elementary School,33.5814558,-84.3183743,ALDI,33.5341018,-84.3697912,"615 North Avenue, Jonesboro",ChIJn1-5qzT69IgRVYRQO4TJAW8
1050,Echols County, Echols County High School,33.6405993,-84.33292279999999,Kroger,33.68236810000001,-84.4093793,"2685 Metropolitan Parkway Southwest, Atlanta",ChIJ98UKmpAC9YgRx_FrB4QSp7o
1050,Echols County, Echols County High School,33.6405993,-84.33292279999999,ALDI,33.7137226,-84.35020159999999,"1461 Moreland Avenue Southeast, Atlanta",ChIJNYyG134B9YgRUJOqTz5seeQ
1050,Echols County, Echols County High School,33.6405993,-84.33292279999999,H Mart Riverdale,33.5828934,-84.41264340000001,"6335 Georgia 85, Riverdale",ChIJTfOT55389IgRMdwExIWG6Ho
1050,Echols County, Echols County High School,33.6405993,-84.33292279999999,Publix Super Market at Mt. Zion,33.5616957,-84.3251349,"2035 Mount Zion Road, Morrow",ChIJAYU2wP379IgRV6JG0RTvF-I
1050,Echols County, Echols County High School,33.6405993,-84.33292279999999,Kroger,33.68236810000001,-84.4093793,"2685 Metropolitan Parkway Southwest, Atlanta",ChIJ98UKmpAC9YgRx_FrB4QSp7o
1050,Echols County, Echols County High School,33.6405993,-84.33292279999999,ALDI,33.7137226,-84.35020159999999,"1461 Moreland Avenue Southeast, Atlanta",ChIJNYyG134B9YgRUJOqTz5seeQ
1050,Echols County, Echols County High School,33.6405993,-84.33292279999999,H Mart Riverdale,33.5828934,-84.41264340000001,"6335 Georgia 85, Riverdale",ChIJTfOT55389IgRMdwExIWG6Ho
1050,Echols County, Echols County High School,33.6405993,-84.33292279999999,Publix Super Market at Mt. Zion,33.5616957,-84.3251349,"2035 Mount Zion Road, Morrow",ChIJAYU2wP379IgRV6JG0RTvF-I
197,Johnson County, Johnson County Elementary School,33.5366617,-84.387879,H Mart Riverdale,33.5828934,-84.41264340000001,"6335 Georgia 85, Riverdale",ChIJTfOT55389IgRMdwExIWG6Ho
197,Johnson County, Johnson County Elementary School,33.5366617,-84.387879,ALDI,33.4725516,-84.444543,"1060 Highway 85 North, Fayetteville",ChIJWRZMROfv9IgRIua9mO_7RFA
197,Johnson County, Johnson County Elementary School,33.5366617,-84.387879,Publix Super Market at Mt. Zion,33.5616957,-84.3251349,"2035 Mount Zion Road, Morrow",ChIJAYU2wP379IgRV6JG0RTvF-I
197,Johnson County, Johnson County Elementary School,33.5366617,-84.387879,ALDI,33.5965424,-84.4279763,"5820 Riverdale Road, College Park",ChIJxyDTmrD89IgRgrZH3KFM1JQ
197,Johnson County, Johnson County Elementary School,33.5366617,-84.387879,H Mart Riverdale,33.5828934,-84.41264340000001,"6335 Georgia 85, Riverdale",ChIJTfOT55389IgRMdwExIWG6Ho
197,Johnson County, Johnson County Elementary School,33.5366617,-84.387879,ALDI,33.4725516,-84.444543,"1060 Highway 85 North, Fayetteville",ChIJWRZMROfv9IgRIua9mO_7RFA
197,Johnson County, Johnson County Elementary School,33.5366617,-84.387879,Publix Super Market at Mt. Zion,33.5616957,-84.3251349,"2035 Mount Zion Road, Morrow",ChIJAYU2wP379IgRV6JG0RTvF-I
197,Johnson County, Johnson County Elementary School,33.5366617,-84.387879,ALDI,33.5965424,-84.4279763,"5820 Riverdale Road, College Park",ChIJxyDTmrD89IgRgrZH3KFM1JQ
197,Johnson County, Johnson County Elementary School,32.7266367,-82.7328022,Family Dollar,32.7321015,-82.7218584,"212 West Trilby Street, Wrightsville",ChIJBQHZVSvO8IgRMe3LlKPs378
197,Johnson County, Johnson County Elementary School,32.7266367,-82.7328022,Family Dollar,32.7321015,-82.7218584,"212 West Trilby Street, Wrightsville",ChIJBQHZVSvO8IgRMe3LlKPs378
201,Johnson County, Johnson County High School ,32.7248029,-82.728392,Family Dollar,32.7321015,-82.7218584,"212 West Trilby Street, Wrightsville",ChIJBQHZVSvO8IgRMe3LlKPs378
201,Johnson County, Johnson County High School ,32.7248029,-82.728392,Family Dollar,32.7321015,-82.7218584,"212 West Trilby Street, Wrightsville",ChIJBQHZVSvO8IgRMe3LlKPs378
201,Johnson County, Johnson County High School ,32.1785145,-82.5945783,Mount Vernon Grocery,32.1753593,-82.5943874,"304 South Railroad Avenue, Mount Vernon",ChIJjUKLOQX18IgRIJqQKa-heDA
201,Johnson County, Johnson County High School ,32.1785145,-82.5945783,Family Dollar,32.17286349999999,-82.5937582,"601 South Mason Street, Mount Vernon",ChIJTZX5WgX18IgRGfc859Ze39A
201,Johnson County, Johnson County High School ,32.1785145,-82.5945783,Chicken Houses,32.1619422,-82.5662416,"650 East Alston Road, Mount Vernon",ChIJSYTgwNj18IgRrqmHu00Y0j4
201,Johnson County, Johnson County High School ,32.1785145,-82.5945783,Mount Vernon Grocery,32.1753593,-82.5943874,"304 South Railroad Avenue, Mount Vernon",ChIJjUKLOQX18IgRIJqQKa-heDA
201,Johnson County, Johnson County High School ,32.1785145,-82.5945783,Family Dollar,32.17286349999999,-82.5937582,"601 South Mason Street, Mount Vernon",ChIJTZX5WgX18IgRGfc859Ze39A
201,Johnson County, Johnson County High School ,32.1785145,-82.5945783,Chicken Houses,32.1619422,-82.5662416,"650 East Alston Road, Mount Vernon",ChIJSYTgwNj18IgRrqmHu00Y0j4
101,Johnson County, Johnson County Middle School,32.7249915,-82.7290474,Family Dollar,32.7321015,-82.7218584,"212 West Trilby Street, Wrightsville",ChIJBQHZVSvO8IgRMe3LlKPs378
101,Johnson County, Johnson County Middle School,32.7249915,-82.7290474,Family Dollar,32.7321015,-82.7218584,"212 West Trilby Street, Wrightsville",ChIJBQHZVSvO8IgRMe3LlKPs378
101,Johnson County, Johnson County Middle School,30.898887,-83.2839632,Publix Super Market at Baytree Village,30.8456768,-83.32284399999999,"1741 Gornto Road, Valdosta",ChIJ35WNwJBm7ogRdT82kQmDWH4
101,Johnson County, Johnson County Middle School,30.898887,-83.2839632,Family Dollar,30.8823,-83.2663,"3820 Inner Perimeter Road, Valdosta",ChIJawTapexn7ogRWCmZicGu4ag
101,Johnson County, Johnson County Middle School,30.898887,-83.2839632,Walmart Neighborhood Market,30.9156028,-83.2569568,"4196 Bemiss Road, Valdosta",ChIJ4_5jLBto7ogR5-1CLwo4ARY
101,Johnson County, Johnson County Middle School,30.898887,-83.2839632,Publix Super Market at Baytree Village,30.8456768,-83.32284399999999,"1741 Gornto Road, Valdosta",ChIJ35WNwJBm7ogRdT82kQmDWH4
101,Johnson County, Johnson County Middle School,30.898887,-83.2839632,Family Dollar,30.8823,-83.2663,"3820 Inner Perimeter Road, Valdosta",ChIJawTapexn7ogRWCmZicGu4ag
101,Johnson County, Johnson County Middle School,30.898887,-83.2839632,Walmart Neighborhood Market,30.9156028,-83.2569568,"4196 Bemiss Road, Valdosta",ChIJ4_5jLBto7ogR5-1CLwo4ARY
107,Montgomery County, Montgomery County Elementary School,33.5644337,-84.3868116,H Mart Riverdale,33.5828934,-84.41264340000001,"6335 Georgia 85, Riverdale",ChIJTfOT55389IgRMdwExIWG6Ho
107,Montgomery County, Montgomery County Elementary School,33.5644337,-84.3868116,Family Dollar,33.5811233,-84.4719009,"6385 Old National Highway, Atlanta",ChIJe6LPrILk9IgR-dySV--a3Ls
107,Montgomery County, Montgomery County Elementary School,33.5644337,-84.3868116,Publix Super Market at Mt. Zion,33.5616957,-84.3251349,"2035 Mount Zion Road, Morrow",ChIJAYU2wP379IgRV6JG0RTvF-I
107,Montgomery County, Montgomery County Elementary School,33.5644337,-84.3868116,ALDI,33.5965424,-84.4279763,"5820 Riverdale Road, College Park",ChIJxyDTmrD89IgRgrZH3KFM1JQ
107,Montgomery County, Montgomery County Elementary School,33.5644337,-84.3868116,H Mart Riverdale,33.5828934,-84.41264340000001,"6335 Georgia 85, Riverdale",ChIJTfOT55389IgRMdwExIWG6Ho
107,Montgomery County, Montgomery County Elementary School,33.5644337,-84.3868116,Family Dollar,33.5811233,-84.4719009,"6385 Old National Highway, Atlanta",ChIJe6LPrILk9IgR-dySV--a3Ls
107,Montgomery County, Montgomery County Elementary School,33.5644337,-84.3868116,Publix Super Market at Mt. Zion,33.5616957,-84.3251349,"2035 Mount Zion Road, Morrow",ChIJAYU2wP379IgRV6JG0RTvF-I
107,Montgomery County, Montgomery County Elementary School,33.5644337,-84.3868116,ALDI,33.5965424,-84.4279763,"5820 Riverdale Road, College Park",ChIJxyDTmrD89IgRgrZH3KFM1JQ
107,Montgomery County, Montgomery County Elementary School,32.1938797,-82.57994649999999,Mount Vernon Grocery,32.1753593,-82.5943874,"304 South Railroad Avenue, Mount Vernon",ChIJjUKLOQX18IgRIJqQKa-heDA
107,Montgomery County, Montgomery County Elementary School,32.1938797,-82.57994649999999,Family Dollar,32.17286349999999,-82.5937582,"601 South Mason Street, Mount Vernon",ChIJTZX5WgX18IgRGfc859Ze39A
107,Montgomery County, Montgomery County Elementary School,32.1938797,-82.57994649999999,Chicken Houses,32.1619422,-82.5662416,"650 East Alston Road, Mount Vernon",ChIJSYTgwNj18IgRrqmHu00Y0j4
107,Montgomery County, Montgomery County Elementary School,32.1938797,-82.57994649999999,Mount Vernon Grocery,32.1753593,-82.5943874,"304 South Railroad Avenue, Mount Vernon",ChIJjUKLOQX18IgRIJqQKa-heDA
107,Montgomery County, Montgomery County Elementary School,32.1938797,-82.57994649999999,Family Dollar,32.17286349999999,-82.5937582,"601 South Mason Street, Mount Vernon",ChIJTZX5WgX18IgRGfc859Ze39A
107,Montgomery County, Montgomery County Elementary School,32.1938797,-82.57994649999999,Chicken Houses,32.1619422,-82.5662416,"650 East Alston Road, Mount Vernon",ChIJSYTgwNj18IgRrqmHu00Y0j4
201,Montgomery County, Montgomery County High School,32.7248029,-82.728392,Family Dollar,32.7321015,-82.7218584,"212 West Trilby Street, Wrightsville",ChIJBQHZVSvO8IgRMe3LlKPs378
201,Montgomery County, Montgomery County High School,32.7248029,-82.728392,Family Dollar,32.7321015,-82.7218584,"212 West Trilby Street, Wrightsville",ChIJBQHZVSvO8IgRMe3LlKPs378
201,Montgomery County, Montgomery County High School,32.1785145,-82.5945783,Mount Vernon Grocery,32.1753593,-82.5943874,"304 South Railroad Avenue, Mount Vernon",ChIJjUKLOQX18IgRIJqQKa-heDA
201,Montgomery County, Montgomery County High School,32.1785145,-82.5945783,Family Dollar,32.17286349999999,-82.5937582,"601 South Mason Street, Mount Vernon",ChIJTZX5WgX18IgRGfc859Ze39A
201,Montgomery County, Montgomery County High School,32.1785145,-82.5945783,Chicken Houses,32.1619422,-82.5662416,"650 East Alston Road, Mount Vernon",ChIJSYTgwNj18IgRrqmHu00Y0j4
201,Montgomery County, Montgomery County High School,32.1785145,-82.5945783,Mount Vernon Grocery,32.1753593,-82.5943874,"304 South Railroad Avenue, Mount Vernon",ChIJjUKLOQX18IgRIJqQKa-heDA
201,Montgomery County, Montgomery County High School,32.1785145,-82.5945783,Family Dollar,32.17286349999999,-82.5937582,"601 South Mason Street, Mount Vernon",ChIJTZX5WgX18IgRGfc859Ze39A
201,Montgomery County, Montgomery County High School,32.1785145,-82.5945783,Chicken Houses,32.1619422,-82.5662416,"650 East Alston Road, Mount Vernon",ChIJSYTgwNj18IgRrqmHu00Y0j4
106,Lowndes County, J. L. Lomax Elementary School,33.520308,-84.3485359,H Mart Riverdale,33.5828934,-84.41264340000001,"6335 Georgia 85, Riverdale",ChIJTfOT55389IgRMdwExIWG6Ho
106,Lowndes County, J. L. Lomax Elementary School,33.520308,-84.3485359,ALDI,33.4418943,-84.322878,"11499 Tara Boulevard, Lovejoy",ChIJX7zpyuL29IgRptD3eaYlZ14
106,Lowndes County, J. L. Lomax Elementary School,33.520308,-84.3485359,Publix Super Market at Mt. Zion,33.5616957,-84.3251349,"2035 Mount Zion Road, Morrow",ChIJAYU2wP379IgRV6JG0RTvF-I
106,Lowndes County, J. L. Lomax Elementary School,33.520308,-84.3485359,ALDI,33.55104550000001,-84.2550409,"5420 North Henry Boulevard, Stockbridge",ChIJ0zKb7T1W9IgR1wzlIeh8LC0
106,Lowndes County, J. L. Lomax Elementary School,33.520308,-84.3485359,H Mart Riverdale,33.5828934,-84.41264340000001,"6335 Georgia 85, Riverdale",ChIJTfOT55389IgRMdwExIWG6Ho
106,Lowndes County, J. L. Lomax Elementary School,33.520308,-84.3485359,ALDI,33.4418943,-84.322878,"11499 Tara Boulevard, Lovejoy",ChIJX7zpyuL29IgRptD3eaYlZ14
106,Lowndes County, J. L. Lomax Elementary School,33.520308,-84.3485359,Publix Super Market at Mt. Zion,33.5616957,-84.3251349,"2035 Mount Zion Road, Morrow",ChIJAYU2wP379IgRV6JG0RTvF-I
106,Lowndes County, J. L. Lomax Elementary School,33.520308,-84.3485359,ALDI,33.55104550000001,-84.2550409,"5420 North Henry Boulevard, Stockbridge",ChIJ0zKb7T1W9IgR1wzlIeh8LC0
106,Lowndes County, J. L. Lomax Elementary School,30.8227409,-83.23462409999999,Family Dollar,30.8561498,-83.2802432,"1905 North Ashley Street, Valdosta",ChIJyQ6q_whn7ogRlOmWjkS-eQk
106,Lowndes County, J. L. Lomax Elementary School,30.8227409,-83.23462409999999,Family Dollar,30.8823,-83.2663,"3820 Inner Perimeter Road, Valdosta",ChIJawTapexn7ogRWCmZicGu4ag
106,Lowndes County, J. L. Lomax Elementary School,30.8227409,-83.23462409999999,Family Dollar,30.8367512,-83.317776,"964 Saint Augustine Road, Valdosta",ChIJc4T_1L9m7ogRI7Ht7rcBbC4
106,Lowndes County, J. L. Lomax Elementary School,30.8227409,-83.23462409999999,Family Dollar,30.8561498,-83.2802432,"1905 North Ashley Street, Valdosta",ChIJyQ6q_whn7ogRlOmWjkS-eQk
106,Lowndes County, J. L. Lomax Elementary School,30.8227409,-83.23462409999999,Family Dollar,30.8823,-83.2663,"3820 Inner Perimeter Road, Valdosta",ChIJawTapexn7ogRWCmZicGu4ag
106,Lowndes County, J. L. Lomax Elementary School,30.8227409,-83.23462409999999,Family Dollar,30.8367512,-83.317776,"964 Saint Augustine Road, Valdosta",ChIJc4T_1L9m7ogRI7Ht7rcBbC4
195,Lowndes County, Newbern Middle School,33.4200186,-84.3896341,ALDI,33.4725516,-84.444543,"1060 Highway 85 North, Fayetteville",ChIJWRZMROfv9IgRIua9mO_7RFA
195,Lowndes County, Newbern Middle School,33.4200186,-84.3896341,ALDI,33.4418943,-84.322878,"11499 Tara Boulevard, Lovejoy",ChIJX7zpyuL29IgRptD3eaYlZ14
195,Lowndes County, Newbern Middle School,33.4200186,-84.3896341,Publix Super Market at Fayette Pavilion,33.47841700000001,-84.4385971,"108 Pavilion Parkway, Fayetteville",ChIJ-UxfhuTv9IgRdENCHo9qid0
195,Lowndes County, Newbern Middle School,33.4200186,-84.3896341,ALDI,33.4725516,-84.444543,"1060 Highway 85 North, Fayetteville",ChIJWRZMROfv9IgRIua9mO_7RFA
195,Lowndes County, Newbern Middle School,33.4200186,-84.3896341,ALDI,33.4418943,-84.322878,"11499 Tara Boulevard, Lovejoy",ChIJX7zpyuL29IgRptD3eaYlZ14
195,Lowndes County, Newbern Middle School,33.4200186,-84.3896341,Publix Super Market at Fayette Pavilion,33.47841700000001,-84.4385971,"108 Pavilion Parkway, Fayetteville",ChIJ-UxfhuTv9IgRdENCHo9qid0
195,Lowndes County, Newbern Middle School,30.8672948,-83.2507262,Publix Super Market at Baytree Village,30.8456768,-83.32284399999999,"1741 Gornto Road, Valdosta",ChIJ35WNwJBm7ogRdT82kQmDWH4
195,Lowndes County, Newbern Middle School,30.8672948,-83.2507262,Family Dollar,30.8823,-83.2663,"3820 Inner Perimeter Road, Valdosta",ChIJawTapexn7ogRWCmZicGu4ag
195,Lowndes County, Newbern Middle School,30.8672948,-83.2507262,Family Dollar,30.8561498,-83.2802432,"1905 North Ashley Street, Valdosta",ChIJyQ6q_whn7ogRlOmWjkS-eQk
195,Lowndes County, Newbern Middle School,30.8672948,-83.2507262,Publix Super Market at Baytree Village,30.8456768,-83.32284399999999,"1741 Gornto Road, Valdosta",ChIJ35WNwJBm7ogRdT82kQmDWH4
195,Lowndes County, Newbern Middle School,30.8672948,-83.2507262,Family Dollar,30.8823,-83.2663,"3820 Inner Perimeter Road, Valdosta",ChIJawTapexn7ogRWCmZicGu4ag
195,Lowndes County, Newbern Middle School,30.8672948,-83.2507262,Family Dollar,30.8561498,-83.2802432,"1905 North Ashley Street, Valdosta",ChIJyQ6q_whn7ogRlOmWjkS-eQk
117,Lowndes County, Pinevale Elementary School,33.5941595,-84.3197718,H Mart Riverdale,33.5828934,-84.41264340000001,"6335 Georgia 85, Riverdale",ChIJTfOT55389IgRMdwExIWG6Ho
117,Lowndes County, Pinevale Elementary School,33.5941595,-84.3197718,ALDI,33.55104550000001,-84.2550409,"5420 North Henry Boulevard, Stockbridge",ChIJ0zKb7T1W9IgR1wzlIeh8LC0
117,Lowndes County, Pinevale Elementary School,33.5941595,-84.3197718,Publix Super Market at Mt. Zion,33.5616957,-84.3251349,"2035 Mount Zion Road, Morrow",ChIJAYU2wP379IgRV6JG0RTvF-I
117,Lowndes County, Pinevale Elementary School,33.5941595,-84.3197718,ALDI,33.5341018,-84.3697912,"615 North Avenue, Jonesboro",ChIJn1-5qzT69IgRVYRQO4TJAW8
117,Lowndes County, Pinevale Elementary School,33.5941595,-84.3197718,H Mart Riverdale,33.5828934,-84.41264340000001,"6335 Georgia 85, Riverdale",ChIJTfOT55389IgRMdwExIWG6Ho
117,Lowndes County, Pinevale Elementary School,33.5941595,-84.3197718,ALDI,33.55104550000001,-84.2550409,"5420 North Henry Boulevard, Stockbridge",ChIJ0zKb7T1W9IgR1wzlIeh8LC0
117,Lowndes County, Pinevale Elementary School,33.5941595,-84.3197718,Publix Super Market at Mt. Zion,33.5616957,-84.3251349,"2035 Mount Zion Road, Morrow",ChIJAYU2wP379IgRV6JG0RTvF-I
117,Lowndes County, Pinevale Elementary School,33.5941595,-84.3197718,ALDI,33.5341018,-84.3697912,"615 North Avenue, Jonesboro",ChIJn1-5qzT69IgRVYRQO4TJAW8
117,Lowndes County, Pinevale Elementary School,30.8252737,-83.26782759999999,Publix Super Market at Baytree Village,30.8456768,-83.32284399999999,"1741 Gornto Road, Valdosta",ChIJ35WNwJBm7ogRdT82kQmDWH4
117,Lowndes County, Pinevale Elementary School,30.8252737,-83.26782759999999,Family Dollar,30.8367512,-83.317776,"964 Saint Augustine Road, Valdosta",ChIJc4T_1L9m7ogRI7Ht7rcBbC4
117,Lowndes County, Pinevale Elementary School,30.8252737,-83.26782759999999,Family Dollar,30.8561498,-83.2802432,"1905 North Ashley Street, Valdosta",ChIJyQ6q_whn7ogRlOmWjkS-eQk
117,Lowndes County, Pinevale Elementary School,30.8252737,-83.26782759999999,Publix Super Market at Baytree Village,30.8456768,-83.32284399999999,"1741 Gornto Road, Valdosta",ChIJ35WNwJBm7ogRdT82kQmDWH4
117,Lowndes County, Pinevale Elementary School,30.8252737,-83.26782759999999,Family Dollar,30.8367512,-83.317776,"964 Saint Augustine Road, Valdosta",ChIJc4T_1L9m7ogRI7Ht7rcBbC4
117,Lowndes County, Pinevale Elementary School,30.8252737,-83.26782759999999,Family Dollar,30.8561498,-83.2802432,"1905 North Ashley Street, Valdosta",ChIJyQ6q_whn7ogRlOmWjkS-eQk
309,Lowndes County, S.L. Mason Elementary School,30.8369222,-83.2978382,Publix Super Market at Baytree Village,30.8456768,-83.32284399999999,"1741 Gornto Road, Valdosta",ChIJ35WNwJBm7ogRdT82kQmDWH4
309,Lowndes County, S.L. Mason Elementary School,30.8369222,-83.2978382,Family Dollar,30.8367512,-83.317776,"964 Saint Augustine Road, Valdosta",ChIJc4T_1L9m7ogRI7Ht7rcBbC4
309,Lowndes County, S.L. Mason Elementary School,30.8369222,-83.2978382,Family Dollar,30.8561498,-83.2802432,"1905 North Ashley Street, Valdosta",ChIJyQ6q_whn7ogRlOmWjkS-eQk
101,Lowndes County, Sallas Mahone Elementary,32.7249915,-82.7290474,Family Dollar,32.7321015,-82.7218584,"212 West Trilby Street, Wrightsville",ChIJBQHZVSvO8IgRMe3LlKPs378
101,Lowndes County, Sallas Mahone Elementary,32.7249915,-82.7290474,Family Dollar,32.7321015,-82.7218584,"212 West Trilby Street, Wrightsville",ChIJBQHZVSvO8IgRMe3LlKPs378
101,Lowndes County, Sallas Mahone Elementary,30.898887,-83.2839632,Publix Super Market at Baytree Village,30.8456768,-83.32284399999999,"1741 Gornto Road, Valdosta",ChIJ35WNwJBm7ogRdT82kQmDWH4
101,Lowndes County, Sallas Mahone Elementary,30.898887,-83.2839632,Family Dollar,30.8823,-83.2663,"3820 Inner Perimeter Road, Valdosta",ChIJawTapexn7ogRWCmZicGu4ag
101,Lowndes County, Sallas Mahone Elementary,30.898887,-83.2839632,Walmart Neighborhood Market,30.9156028,-83.2569568,"4196 Bemiss Road, Valdosta",ChIJ4_5jLBto7ogR5-1CLwo4ARY
101,Lowndes County, Sallas Mahone Elementary,30.898887,-83.2839632,Publix Super Market at Baytree Village,30.8456768,-83.32284399999999,"1741 Gornto Road, Valdosta",ChIJ35WNwJBm7ogRdT82kQmDWH4
101,Lowndes County, Sallas Mahone Elementary,30.898887,-83.2839632,Family Dollar,30.8823,-83.2663,"3820 Inner Perimeter Road, Valdosta",ChIJawTapexn7ogRWCmZicGu4ag
101,Lowndes County, Sallas Mahone Elementary,30.898887,-83.2839632,Walmart Neighborhood Market,30.9156028,-83.2569568,"4196 Bemiss Road, Valdosta",ChIJ4_5jLBto7ogR5-1CLwo4ARY
273,Lowndes County, Valdosta High School,30.869131,-83.2345823,Family Dollar,30.8823,-83.2663,"3820 Inner Perimeter Road, Valdosta",ChIJawTapexn7ogRWCmZicGu4ag
273,Lowndes County, Valdosta High School,30.869131,-83.2345823,Family Dollar,30.8561498,-83.2802432,"1905 North Ashley Street, Valdosta",ChIJyQ6q_whn7ogRlOmWjkS-eQk
273,Lowndes County, Valdosta High School,30.869131,-83.2345823,Walmart Neighborhood Market,30.9156028,-83.2569568,"4196 Bemiss Road, Valdosta",ChIJ4_5jLBto7ogR5-1CLwo4ARY
103,Lowndes County, Valdosta Middle School,33.5368158,-84.3932159,H Mart Riverdale,33.5828934,-84.41264340000001,"6335 Georgia 85, Riverdale",ChIJTfOT55389IgRMdwExIWG6Ho
103,Lowndes County, Valdosta Middle School,33.5368158,-84.3932159,ALDI,33.4725516,-84.444543,"1060 Highway 85 North, Fayetteville",ChIJWRZMROfv9IgRIua9mO_7RFA
103,Lowndes County, Valdosta Middle School,33.5368158,-84.3932159,Publix Super Market at Mt. Zion,33.5616957,-84.3251349,"2035 Mount Zion Road, Morrow",ChIJAYU2wP379IgRV6JG0RTvF-I
103,Lowndes County, Valdosta Middle School,33.5368158,-84.3932159,ALDI,33.5965424,-84.4279763,"5820 Riverdale Road, College Park",ChIJxyDTmrD89IgRgrZH3KFM1JQ
103,Lowndes County, Valdosta Middle School,33.5368158,-84.3932159,H Mart Riverdale,33.5828934,-84.41264340000001,"6335 Georgia 85, Riverdale",ChIJTfOT55389IgRMdwExIWG6Ho
103,Lowndes County, Valdosta Middle School,33.5368158,-84.3932159,ALDI,33.4725516,-84.444543,"1060 Highway 85 North, Fayetteville",ChIJWRZMROfv9IgRIua9mO_7RFA
103,Lowndes County, Valdosta Middle School,33.5368158,-84.3932159,Publix Super Market at Mt. Zion,33.5616957,-84.3251349,"2035 Mount Zion Road, Morrow",ChIJAYU2wP379IgRV6JG0RTvF-I
103,Lowndes County, Valdosta Middle School,33.5368158,-84.3932159,ALDI,33.5965424,-84.4279763,"5820 Riverdale Road, College Park",ChIJxyDTmrD89IgRgrZH3KFM1JQ
103,Lowndes County, Valdosta Middle School,30.8675518,-83.2909011,Publix Super Market at Baytree Village,30.8456768,-83.32284399999999,"1741 Gornto Road, Valdosta",ChIJ35WNwJBm7ogRdT82kQmDWH4
103,Lowndes County, Valdosta Middle School,30.8675518,-83.2909011,Family Dollar,30.8367512,-83.317776,"964 Saint Augustine Road, Valdosta",ChIJc4T_1L9m7ogRI7Ht7rcBbC4
103,Lowndes County, Valdosta Middle School,30.8675518,-83.2909011,Family Dollar,30.8561498,-83.2802432,"1905 North Ashley Street, Valdosta",ChIJyQ6q_whn7ogRlOmWjkS-eQk
103,Lowndes County, Valdosta Middle School,30.8675518,-83.2909011,Publix Super Market at Baytree Village,30.8456768,-83.32284399999999,"1741 Gornto Road, Valdosta",ChIJ35WNwJBm7ogRdT82kQmDWH4
103,Lowndes County, Valdosta Middle School,30.8675518,-83.2909011,Family Dollar,30.8367512,-83.317776,"964 Saint Augustine Road, Valdosta",ChIJc4T_1L9m7ogRI7Ht7rcBbC4
103,Lowndes County, Valdosta Middle School,30.8675518,-83.2909011,Family Dollar,30.8561498,-83.2802432,"1905 North Ashley Street, Valdosta",ChIJyQ6q_whn7ogRlOmWjkS-eQk
1052,Lowndes County, W.G. Nunn Elementary,33.616623,-84.27010020000002,ALDI,33.55104550000001,-84.2550409,"5420 North Henry Boulevard, Stockbridge",ChIJ0zKb7T1W9IgR1wzlIeh8LC0
1052,Lowndes County, W.G. Nunn Elementary,33.616623,-84.27010020000002,ALDI,33.6814879,-84.2280176,"4900 Flat Shoals Parkway, Decatur",ChIJB_5hgCCr9YgRkD2cQGvirH8
1052,Lowndes County, W.G. Nunn Elementary,33.616623,-84.27010020000002,Publix Super Market at Mt. Zion,33.5616957,-84.3251349,"2035 Mount Zion Road, Morrow",ChIJAYU2wP379IgRV6JG0RTvF-I
1052,Lowndes County, W.G. Nunn Elementary,33.616623,-84.27010020000002,Publix Super Market at Stockbridge Lakes,33.55506739999999,-84.2324064,"250 East Atlanta Road, Stockbridge",ChIJd1hQSGFW9IgRLD-0eqjpcbA
1052,Lowndes County, W.G. Nunn Elementary,33.616623,-84.27010020000002,ALDI,33.55104550000001,-84.2550409,"5420 North Henry Boulevard, Stockbridge",ChIJ0zKb7T1W9IgR1wzlIeh8LC0
1052,Lowndes County, W.G. Nunn Elementary,33.616623,-84.27010020000002,ALDI,33.6814879,-84.2280176,"4900 Flat Shoals Parkway, Decatur",ChIJB_5hgCCr9YgRkD2cQGvirH8
1052,Lowndes County, W.G. Nunn Elementary,33.616623,-84.27010020000002,Publix Super Market at Mt. Zion,33.5616957,-84.3251349,"2035 Mount Zion Road, Morrow",ChIJAYU2wP379IgRV6JG0RTvF-I
1052,Lowndes County, W.G. Nunn Elementary,33.616623,-84.27010020000002,Publix Super Market at Stockbridge Lakes,33.55506739999999,-84.2324064,"250 East Atlanta Road, Stockbridge",ChIJd1hQSGFW9IgRLD-0eqjpcbA
1052,Lowndes County, W.G. Nunn Elementary,30.8591548,-83.2633123,Publix Super Market at Baytree Village,30.8456768,-83.32284399999999,"1741 Gornto Road, Valdosta",ChIJ35WNwJBm7ogRdT82kQmDWH4
1052,Lowndes County, W.G. Nunn Elementary,30.8591548,-83.2633123,Family Dollar,30.8367512,-83.317776,"964 Saint Augustine Road, Valdosta",ChIJc4T_1L9m7ogRI7Ht7rcBbC4
1052,Lowndes County, W.G. Nunn Elementary,30.8591548,-83.2633123,Family Dollar,30.8561498,-83.2802432,"1905 North Ashley Street, Valdosta",ChIJyQ6q_whn7ogRlOmWjkS-eQk
1052,Lowndes County, W.G. Nunn Elementary,30.8591548,-83.2633123,Publix Super Market at Baytree Village,30.8456768,-83.32284399999999,"1741 Gornto Road, Valdosta",ChIJ35WNwJBm7ogRdT82kQmDWH4
1052,Lowndes County, W.G. Nunn Elementary,30.8591548,-83.2633123,Family Dollar,30.8367512,-83.317776,"964 Saint Augustine Road, Valdosta",ChIJc4T_1L9m7ogRI7Ht7rcBbC4
1052,Lowndes County, W.G. Nunn Elementary,30.8591548,-83.2633123,Family Dollar,30.8561498,-83.2802432,"1905 North Ashley Street, Valdosta",ChIJyQ6q_whn7ogRlOmWjkS-eQk
205,Wilkes County,Washington-Wilkes Elementary School,33.4538513,-84.35708029999999,ALDI,33.4725516,-84.444543,"1060 Highway 85 North, Fayetteville",ChIJWRZMROfv9IgRIua9mO_7RFA
205,Wilkes County,Washington-Wilkes Elementary School,33.4538513,-84.35708029999999,ALDI,33.4418943,-84.322878,"11499 Tara Boulevard, Lovejoy",ChIJX7zpyuL29IgRptD3eaYlZ14
205,Wilkes County,Washington-Wilkes Elementary School,33.4538513,-84.35708029999999,ALDI,33.5341018,-84.3697912,"615 North Avenue, Jonesboro",ChIJn1-5qzT69IgRVYRQO4TJAW8
205,Wilkes County,Washington-Wilkes Elementary School,33.4538513,-84.35708029999999,Publix Super Market at Fayette Pavilion,33.47841700000001,-84.4385971,"108 Pavilion Parkway, Fayetteville",ChIJ-UxfhuTv9IgRdENCHo9qid0
205,Wilkes County,Washington-Wilkes Elementary School,33.4538513,-84.35708029999999,ALDI,33.4725516,-84.444543,"1060 Highway 85 North, Fayetteville",ChIJWRZMROfv9IgRIua9mO_7RFA
205,Wilkes County,Washington-Wilkes Elementary School,33.4538513,-84.35708029999999,ALDI,33.4418943,-84.322878,"11499 Tara Boulevard, Lovejoy",ChIJX7zpyuL29IgRptD3eaYlZ14
205,Wilkes County,Washington-Wilkes Elementary School,33.4538513,-84.35708029999999,ALDI,33.5341018,-84.3697912,"615 North Avenue, Jonesboro",ChIJn1-5qzT69IgRVYRQO4TJAW8
205,Wilkes County,Washington-Wilkes Elementary School,33.4538513,-84.35708029999999,Publix Super Market at Fayette Pavilion,33.47841700000001,-84.4385971,"108 Pavilion Parkway, Fayetteville",ChIJ-UxfhuTv9IgRdENCHo9qid0
205,Wilkes County,Washington-Wilkes Elementary School,33.7345834,-82.7251885,Terry's IGA,33.73614859999999,-82.7394473,"115 North Spring Street, Washington",ChIJidCGaIuv94gR-pjx2WR5QAY
205,Wilkes County,Washington-Wilkes Elementary School,33.7345834,-82.7251885,Ingles Markets,33.7298143,-82.7175182,"110 Ann Denard Drive, Washington",ChIJnWtN3W2l94gRxkhtinYYczM
205,Wilkes County,Washington-Wilkes Elementary School,33.7345834,-82.7251885,Family Dollar,33.72567699999999,-82.718119,"164 Bi-Lo Plaza, Washington",ChIJlYwf8G2l94gRxbbIZSoRgvw
205,Wilkes County,Washington-Wilkes Elementary School,33.7345834,-82.7251885,Terry's IGA,33.73614859999999,-82.7394473,"115 North Spring Street, Washington",ChIJidCGaIuv94gR-pjx2WR5QAY
205,Wilkes County,Washington-Wilkes Elementary School,33.7345834,-82.7251885,Ingles Markets,33.7298143,-82.7175182,"110 Ann Denard Drive, Washington",ChIJnWtN3W2l94gRxkhtinYYczM
205,Wilkes County,Washington-Wilkes Elementary School,33.7345834,-82.7251885,Family Dollar,33.72567699999999,-82.718119,"164 Bi-Lo Plaza, Washington",ChIJlYwf8G2l94gRxbbIZSoRgvw
105,Wilkes County,Washington-Wilkes Primary School,33.5937354,-84.31812769999999,H Mart Riverdale,33.5828934,-84.41264340000001,"6335 Georgia 85, Riverdale",ChIJTfOT55389IgRMdwExIWG6Ho
105,Wilkes County,Washington-Wilkes Primary School,33.5937354,-84.31812769999999,ALDI,33.55104550000001,-84.2550409,"5420 North Henry Boulevard, Stockbridge",ChIJ0zKb7T1W9IgR1wzlIeh8LC0
105,Wilkes County,Washington-Wilkes Primary School,33.5937354,-84.31812769999999,Publix Super Market at Mt. Zion,33.5616957,-84.3251349,"2035 Mount Zion Road, Morrow",ChIJAYU2wP379IgRV6JG0RTvF-I
105,Wilkes County,Washington-Wilkes Primary School,33.5937354,-84.31812769999999,ALDI,33.5341018,-84.3697912,"615 North Avenue, Jonesboro",ChIJn1-5qzT69IgRVYRQO4TJAW8
105,Wilkes County,Washington-Wilkes Primary School,33.5937354,-84.31812769999999,H Mart Riverdale,33.5828934,-84.41264340000001,"6335 Georgia 85, Riverdale",ChIJTfOT55389IgRMdwExIWG6Ho
105,Wilkes County,Washington-Wilkes Primary School,33.5937354,-84.31812769999999,ALDI,33.55104550000001,-84.2550409,"5420 North Henry Boulevard, Stockbridge",ChIJ0zKb7T1W9IgR1wzlIeh8LC0
105,Wilkes County,Washington-Wilkes Primary School,33.5937354,-84.31812769999999,Publix Super Market at Mt. Zion,33.5616957,-84.3251349,"2035 Mount Zion Road, Morrow",ChIJAYU2wP379IgRV6JG0RTvF-I
105,Wilkes County,Washington-Wilkes Primary School,33.5937354,-84.31812769999999,ALDI,33.5341018,-84.3697912,"615 North Avenue, Jonesboro",ChIJn1-5qzT69IgRVYRQO4TJAW8
105,Wilkes County,Washington-Wilkes Primary School,33.7288772,-82.720109,Terry's IGA,33.73614859999999,-82.7394473,"115 North Spring Street, Washington",ChIJidCGaIuv94gR-pjx2WR5QAY
105,Wilkes County,Washington-Wilkes Primary School,33.7288772,-82.720109,Ingles Markets,33.7298143,-82.7175182,"110 Ann Denard Drive, Washington",ChIJnWtN3W2l94gRxkhtinYYczM
105,Wilkes County,Washington-Wilkes Primary School,33.7288772,-82.720109,Family Dollar,33.72567699999999,-82.718119,"164 Bi-Lo Plaza, Washington",ChIJlYwf8G2l94gRxbbIZSoRgvw
105,Wilkes County,Washington-Wilkes Primary School,33.7288772,-82.720109,Terry's IGA,33.73614859999999,-82.7394473,"115 North Spring Street, Washington",ChIJidCGaIuv94gR-pjx2WR5QAY
105,Wilkes County,Washington-Wilkes Primary School,33.7288772,-82.720109,Ingles Markets,33.7298143,-82.7175182,"110 Ann Denard Drive, Washington",ChIJnWtN3W2l94gRxkhtinYYczM
105,Wilkes County,Washington-Wilkes Primary School,33.7288772,-82.720109,Family Dollar,33.72567699999999,-82.718119,"164 Bi-Lo Plaza, Washington",ChIJlYwf8G2l94gRxbbIZSoRgvw
210,Wilkes County,Washington-Wilkes Middle School,33.7601446,-82.7324977,Terry's IGA,33.73614859999999,-82.7394473,"115 North Spring Street, Washington",ChIJidCGaIuv94gR-pjx2WR5QAY
210,Wilkes County,Washington-Wilkes Middle School,33.7601446,-82.7324977,Ingles Markets,33.7298143,-82.7175182,"110 Ann Denard Drive, Washington",ChIJnWtN3W2l94gRxkhtinYYczM
210,Wilkes County,Washington-Wilkes Middle School,33.7601446,-82.7324977,Family Dollar,33.72567699999999,-82.718119,"164 Bi-Lo Plaza, Washington",ChIJlYwf8G2l94gRxbbIZSoRgvw
110,Wilkes County,Washington-Wilkes Comprehensive High School,33.7601446,-82.7324977,Terry's IGA,33.73614859999999,-82.7394473,"115 North Spring Street, Washington",ChIJidCGaIuv94gR-pjx2WR5QAY
110,Wilkes County,Washington-Wilkes Comprehensive High School,33.7601446,-82.7324977,Ingles Markets,33.7298143,-82.7175182,"110 Ann Denard Drive, Washington",ChIJnWtN3W2l94gRxkhtinYYczM
110,Wilkes County,Washington-Wilkes Comprehensive High School,33.7601446,-82.7324977,Family Dollar,33.72567699999999,-82.718119,"164 Bi-Lo Plaza, Washington",ChIJlYwf8G2l94gRxbbIZSoRgvw
