NAME,POP,AGEGROUP,RACE,state,county
"Johnson County, Georgia",9643.0,0,Not Specified,13,167
"Johnson County, Georgia",6153.0,0,White,13,167
"Johnson County, Georgia",3306.0,0,African American,13,167
"Johnson County, Georgia",41.0,0,American Indian,13,167
"Johnson County, Georgia",39.0,0,Asian,13,167
"Johnson County, Georgia",3.0,0,Pacific Islander,13,167
"Johnson County, Georgia",101.0,0,Mixed,13,167
"Johnson County, Georgia",6243.0,0,White or Mixed,13,167
"Johnson County, Georgia",3362.0,0,African American or Mixed,13,167
"Johnson County, Georgia",79.0,0,American Indian or Mixed,13,167
"Johnson County, Georgia",56.0,0,Asian or Mixed,13,167
"Johnson County, Georgia",6.0,0,Pacific Islander or Mixed,13,167
"Johnson County, Georgia",522.0,1,Not Specified,13,167
"Johnson County, Georgia",325.0,1,White,13,167
"Johnson County, Georgia",172.0,1,African American,13,167
"Johnson County, Georgia",2.0,1,American Indian,13,167
"Johnson County, Georgia",4.0,1,Asian,13,167
"Johnson County, Georgia",0.0,1,Pacific Islander,13,167
"Johnson County, Georgia",19.0,1,Mixed,13,167
"Johnson County, Georgia",344.0,1,White or Mixed,13,167
"Johnson County, Georgia",184.0,1,African American or Mixed,13,167
"Johnson County, Georgia",5.0,1,American Indian or Mixed,13,167
"Johnson County, Georgia",8.0,1,Asian or Mixed,13,167
"Johnson County, Georgia",0.0,1,Pacific Islander or Mixed,13,167
"Johnson County, Georgia",443.0,2,Not Specified,13,167
"Johnson County, Georgia",261.0,2,White,13,167
"Johnson County, Georgia",154.0,2,African American,13,167
"Johnson County, Georgia",5.0,2,American Indian,13,167
"Johnson County, Georgia",3.0,2,Asian,13,167
"Johnson County, Georgia",0.0,2,Pacific Islander,13,167
"Johnson County, Georgia",20.0,2,Mixed,13,167
"Johnson County, Georgia",279.0,2,White or Mixed,13,167
"Johnson County, Georgia",169.0,2,African American or Mixed,13,167
"Johnson County, Georgia",10.0,2,American Indian or Mixed,13,167
"Johnson County, Georgia",5.0,2,Asian or Mixed,13,167
"Johnson County, Georgia",0.0,2,Pacific Islander or Mixed,13,167
"Johnson County, Georgia",4.0,3,American Indian,13,167
"Johnson County, Georgia",515.0,3,Not Specified,13,167
"Johnson County, Georgia",311.0,3,White,13,167
"Johnson County, Georgia",185.0,3,African American,13,167
"Johnson County, Georgia",2.0,3,Asian,13,167
"Johnson County, Georgia",0.0,3,Pacific Islander,13,167
"Johnson County, Georgia",13.0,3,Mixed,13,167
"Johnson County, Georgia",322.0,3,White or Mixed,13,167
"Johnson County, Georgia",1.0,3,Pacific Islander or Mixed,13,167
"Johnson County, Georgia",193.0,3,African American or Mixed,13,167
"Johnson County, Georgia",11.0,3,American Indian or Mixed,13,167
"Johnson County, Georgia",2.0,3,Asian or Mixed,13,167
"Johnson County, Georgia",522.0,4,Not Specified,13,167
"Johnson County, Georgia",4.0,4,Asian,13,167
"Johnson County, Georgia",339.0,4,White,13,167
"Johnson County, Georgia",172.0,4,African American,13,167
"Johnson County, Georgia",4.0,4,American Indian,13,167
"Johnson County, Georgia",0.0,4,Pacific Islander,13,167
"Johnson County, Georgia",3.0,4,Mixed,13,167
"Johnson County, Georgia",341.0,4,White or Mixed,13,167
"Johnson County, Georgia",173.0,4,African American or Mixed,13,167
"Johnson County, Georgia",6.0,4,American Indian or Mixed,13,167
"Johnson County, Georgia",5.0,4,Asian or Mixed,13,167
"Johnson County, Georgia",0.0,4,Pacific Islander or Mixed,13,167
"Johnson County, Georgia",3.0,5,American Indian,13,167
"Johnson County, Georgia",567.0,5,Not Specified,13,167
"Johnson County, Georgia",320.0,5,White,13,167
"Johnson County, Georgia",235.0,5,African American,13,167
"Johnson County, Georgia",3.0,5,Asian,13,167
"Johnson County, Georgia",0.0,5,Pacific Islander,13,167
"Johnson County, Georgia",6.0,5,Mixed,13,167
"Johnson County, Georgia",326.0,5,White or Mixed,13,167
"Johnson County, Georgia",239.0,5,African American or Mixed,13,167
"Johnson County, Georgia",5.0,5,American Indian or Mixed,13,167
"Johnson County, Georgia",3.0,5,Asian or Mixed,13,167
"Johnson County, Georgia",0.0,5,Pacific Islander or Mixed,13,167
"Johnson County, Georgia",3.0,6,American Indian,13,167
"Johnson County, Georgia",649.0,6,Not Specified,13,167
"Johnson County, Georgia",379.0,6,White,13,167
"Johnson County, Georgia",253.0,6,African American,13,167
"Johnson County, Georgia",6.0,6,Asian,13,167
"Johnson County, Georgia",1.0,6,Pacific Islander,13,167
"Johnson County, Georgia",7.0,6,Mixed,13,167
"Johnson County, Georgia",384.0,6,White or Mixed,13,167
"Johnson County, Georgia",256.0,6,African American or Mixed,13,167
"Johnson County, Georgia",8.0,6,American Indian or Mixed,13,167
"Johnson County, Georgia",7.0,6,Asian or Mixed,13,167
"Johnson County, Georgia",1.0,6,Pacific Islander or Mixed,13,167
"Johnson County, Georgia",2.0,7,American Indian,13,167
"Johnson County, Georgia",644.0,7,Not Specified,13,167
"Johnson County, Georgia",368.0,7,White,13,167
"Johnson County, Georgia",267.0,7,African American,13,167
"Johnson County, Georgia",3.0,7,Asian,13,167
"Johnson County, Georgia",0.0,7,Pacific Islander,13,167
"Johnson County, Georgia",4.0,7,Mixed,13,167
"Johnson County, Georgia",372.0,7,White or Mixed,13,167
"Johnson County, Georgia",270.0,7,African American or Mixed,13,167
"Johnson County, Georgia",3.0,7,American Indian or Mixed,13,167
"Johnson County, Georgia",390.0,8,White,13,167
"Johnson County, Georgia",3.0,7,Asian or Mixed,13,167
"Johnson County, Georgia",0.0,7,Pacific Islander or Mixed,13,167
"Johnson County, Georgia",634.0,8,Not Specified,13,167
"Johnson County, Georgia",236.0,8,African American,13,167
"Johnson County, Georgia",6.0,8,Mixed,13,167
"Johnson County, Georgia",1.0,8,American Indian,13,167
"Johnson County, Georgia",1.0,8,Asian,13,167
"Johnson County, Georgia",0.0,8,Pacific Islander,13,167
"Johnson County, Georgia",396.0,8,White or Mixed,13,167
"Johnson County, Georgia",240.0,8,African American or Mixed,13,167
"Johnson County, Georgia",3.0,8,American Indian or Mixed,13,167
"Johnson County, Georgia",1.0,8,Asian or Mixed,13,167
"Johnson County, Georgia",0.0,8,Pacific Islander or Mixed,13,167
"Johnson County, Georgia",1.0,9,American Indian,13,167
"Johnson County, Georgia",669.0,9,Not Specified,13,167
"Johnson County, Georgia",400.0,9,White,13,167
"Johnson County, Georgia",262.0,9,African American,13,167
"Johnson County, Georgia",2.0,9,Asian,13,167
"Johnson County, Georgia",0.0,9,Pacific Islander,13,167
"Johnson County, Georgia",4.0,9,Mixed,13,167
"Johnson County, Georgia",403.0,9,White or Mixed,13,167
"Johnson County, Georgia",263.0,9,African American or Mixed,13,167
"Johnson County, Georgia",3.0,9,American Indian or Mixed,13,167
"Johnson County, Georgia",4.0,9,Asian or Mixed,13,167
"Johnson County, Georgia",0.0,9,Pacific Islander or Mixed,13,167
"Johnson County, Georgia",2.0,10,American Indian,13,167
"Johnson County, Georgia",709.0,10,Not Specified,13,167
"Johnson County, Georgia",470.0,10,White,13,167
"Johnson County, Georgia",229.0,10,African American,13,167
"Johnson County, Georgia",4.0,10,Asian,13,167
"Johnson County, Georgia",1.0,10,Pacific Islander,13,167
"Johnson County, Georgia",3.0,10,Mixed,13,167
"Johnson County, Georgia",473.0,10,White or Mixed,13,167
"Johnson County, Georgia",229.0,10,African American or Mixed,13,167
"Johnson County, Georgia",4.0,10,American Indian or Mixed,13,167
"Johnson County, Georgia",5.0,10,Asian or Mixed,13,167
"Johnson County, Georgia",1.0,10,Pacific Islander or Mixed,13,167
"Johnson County, Georgia",0.0,11,American Indian,13,167
"Johnson County, Georgia",657.0,11,Not Specified,13,167
"Johnson County, Georgia",429.0,11,White,13,167
"Johnson County, Georgia",226.0,11,African American,13,167
"Johnson County, Georgia",1.0,11,Asian,13,167
"Johnson County, Georgia",0.0,11,Pacific Islander,13,167
"Johnson County, Georgia",1.0,11,Mixed,13,167
"Johnson County, Georgia",429.0,11,White or Mixed,13,167
"Johnson County, Georgia",226.0,11,African American or Mixed,13,167
"Johnson County, Georgia",1.0,11,American Indian or Mixed,13,167
"Johnson County, Georgia",2.0,11,Asian or Mixed,13,167
"Johnson County, Georgia",0.0,11,Pacific Islander or Mixed,13,167
"Johnson County, Georgia",4.0,12,American Indian,13,167
"Johnson County, Georgia",669.0,12,Not Specified,13,167
"Johnson County, Georgia",436.0,12,White,13,167
"Johnson County, Georgia",228.0,12,African American,13,167
"Johnson County, Georgia",1.0,12,Asian,13,167
"Johnson County, Georgia",0.0,12,Pacific Islander,13,167
"Johnson County, Georgia",4.0,12,American Indian or Mixed,13,167
"Johnson County, Georgia",0.0,12,Mixed,13,167
"Johnson County, Georgia",436.0,12,White or Mixed,13,167
"Johnson County, Georgia",228.0,12,African American or Mixed,13,167
"Johnson County, Georgia",1.0,12,Asian or Mixed,13,167
"Johnson County, Georgia",0.0,12,Pacific Islander or Mixed,13,167
"Johnson County, Georgia",5.0,13,American Indian,13,167
"Johnson County, Georgia",653.0,13,Not Specified,13,167
"Johnson County, Georgia",412.0,13,White,13,167
"Johnson County, Georgia",233.0,13,African American,13,167
"Johnson County, Georgia",0.0,13,Asian,13,167
"Johnson County, Georgia",0.0,13,Pacific Islander,13,167
"Johnson County, Georgia",3.0,13,Mixed,13,167
"Johnson County, Georgia",415.0,13,White or Mixed,13,167
"Johnson County, Georgia",233.0,13,African American or Mixed,13,167
"Johnson County, Georgia",6.0,13,American Indian or Mixed,13,167
"Johnson County, Georgia",2.0,13,Asian or Mixed,13,167
"Johnson County, Georgia",0.0,13,Pacific Islander or Mixed,13,167
"Johnson County, Georgia",1.0,14,American Indian,13,167
"Johnson County, Georgia",524.0,14,Not Specified,13,167
"Johnson County, Georgia",350.0,14,White,13,167
"Johnson County, Georgia",165.0,14,African American,13,167
"Johnson County, Georgia",3.0,14,Asian,13,167
"Johnson County, Georgia",1.0,14,Pacific Islander,13,167
"Johnson County, Georgia",4.0,14,Mixed,13,167
"Johnson County, Georgia",354.0,14,White or Mixed,13,167
"Johnson County, Georgia",165.0,14,African American or Mixed,13,167
"Johnson County, Georgia",3.0,14,American Indian or Mixed,13,167
"Johnson County, Georgia",3.0,14,Asian or Mixed,13,167
"Johnson County, Georgia",3.0,14,Pacific Islander or Mixed,13,167
"Johnson County, Georgia",1.0,15,American Indian,13,167
"Johnson County, Georgia",501.0,15,Not Specified,13,167
"Johnson County, Georgia",382.0,15,White,13,167
"Johnson County, Georgia",114.0,15,African American,13,167
"Johnson County, Georgia",1.0,15,Asian,13,167
"Johnson County, Georgia",0.0,15,Pacific Islander,13,167
"Johnson County, Georgia",3.0,15,Mixed,13,167
"Johnson County, Georgia",385.0,15,White or Mixed,13,167
"Johnson County, Georgia",116.0,15,African American or Mixed,13,167
"Johnson County, Georgia",2.0,15,American Indian or Mixed,13,167
"Johnson County, Georgia",2.0,15,Asian or Mixed,13,167
"Johnson County, Georgia",0.0,15,Pacific Islander or Mixed,13,167
"Johnson County, Georgia",1.0,16,American Indian,13,167
"Johnson County, Georgia",352.0,16,Not Specified,13,167
"Johnson County, Georgia",284.0,16,White,13,167
"Johnson County, Georgia",65.0,16,African American,13,167
"Johnson County, Georgia",1.0,16,Asian,13,167
"Johnson County, Georgia",0.0,16,Pacific Islander,13,167
"Johnson County, Georgia",1.0,16,Mixed,13,167
"Johnson County, Georgia",285.0,16,White or Mixed,13,167
"Johnson County, Georgia",0.0,16,Pacific Islander or Mixed,13,167
"Johnson County, Georgia",65.0,16,African American or Mixed,13,167
"Johnson County, Georgia",1.0,16,American Indian or Mixed,13,167
"Johnson County, Georgia",2.0,16,Asian or Mixed,13,167
"Johnson County, Georgia",182.0,17,Not Specified,13,167
"Johnson County, Georgia",131.0,17,White,13,167
"Johnson County, Georgia",0.0,17,Pacific Islander,13,167
"Johnson County, Georgia",50.0,17,African American,13,167
"Johnson County, Georgia",1.0,17,American Indian,13,167
"Johnson County, Georgia",0.0,17,Asian,13,167
"Johnson County, Georgia",0.0,17,Mixed,13,167
"Johnson County, Georgia",131.0,17,White or Mixed,13,167
"Johnson County, Georgia",50.0,17,African American or Mixed,13,167
"Johnson County, Georgia",1.0,17,American Indian or Mixed,13,167
"Johnson County, Georgia",0.0,17,Asian or Mixed,13,167
"Johnson County, Georgia",0.0,17,Pacific Islander or Mixed,13,167
"Johnson County, Georgia",1.0,18,American Indian,13,167
"Johnson County, Georgia",231.0,18,Not Specified,13,167
"Johnson County, Georgia",166.0,18,White,13,167
"Johnson County, Georgia",60.0,18,African American,13,167
"Johnson County, Georgia",0.0,18,Asian,13,167
"Johnson County, Georgia",0.0,18,Pacific Islander,13,167
"Johnson County, Georgia",4.0,18,Mixed,13,167
"Johnson County, Georgia",168.0,18,White or Mixed,13,167
"Johnson County, Georgia",63.0,18,African American or Mixed,13,167
"Johnson County, Georgia",3.0,18,American Indian or Mixed,13,167
"Johnson County, Georgia",1.0,18,Asian or Mixed,13,167
"Johnson County, Georgia",0.0,18,Pacific Islander or Mixed,13,167
"Johnson County, Georgia",6037.0,22,Not Specified,13,167
"Johnson County, Georgia",1816.0,19,Not Specified,13,167
"Johnson County, Georgia",854.0,20,Not Specified,13,167
"Johnson County, Georgia",440.0,21,Not Specified,13,167
"Johnson County, Georgia",753.0,23,Not Specified,13,167
"Johnson County, Georgia",2596.0,24,Not Specified,13,167
"Johnson County, Georgia",2688.0,25,Not Specified,13,167
"Johnson County, Georgia",1790.0,26,Not Specified,13,167
"Johnson County, Georgia",231.0,27,Not Specified,13,167
"Johnson County, Georgia",8062.0,28,Not Specified,13,167
"Johnson County, Georgia",7827.0,29,Not Specified,13,167
"Johnson County, Georgia",3685.0,30,Not Specified,13,167
"Johnson County, Georgia",42.5,31,Not Specified,13,167
"Montgomery County, Georgia",11.0,0,American Indian,13,209
"Montgomery County, Georgia",9172.0,0,Not Specified,13,209
"Montgomery County, Georgia",6595.0,0,White,13,209
"Montgomery County, Georgia",2377.0,0,African American,13,209
"Montgomery County, Georgia",56.0,0,Asian,13,209
"Montgomery County, Georgia",2.0,0,Pacific Islander,13,209
"Montgomery County, Georgia",131.0,0,Mixed,13,209
"Montgomery County, Georgia",6716.0,0,White or Mixed,13,209
"Montgomery County, Georgia",2457.0,0,African American or Mixed,13,209
"Montgomery County, Georgia",46.0,0,American Indian or Mixed,13,209
"Montgomery County, Georgia",80.0,0,Asian or Mixed,13,209
"Montgomery County, Georgia",8.0,0,Pacific Islander or Mixed,13,209
"Montgomery County, Georgia",0.0,1,American Indian,13,209
"Montgomery County, Georgia",483.0,1,Not Specified,13,209
"Montgomery County, Georgia",368.0,1,White,13,209
"Montgomery County, Georgia",97.0,1,African American,13,209
"Montgomery County, Georgia",4.0,1,Asian,13,209
"Montgomery County, Georgia",0.0,1,Pacific Islander,13,209
"Montgomery County, Georgia",14.0,1,Mixed,13,209
"Montgomery County, Georgia",381.0,1,White or Mixed,13,209
"Montgomery County, Georgia",107.0,1,African American or Mixed,13,209
"Montgomery County, Georgia",2.0,1,American Indian or Mixed,13,209
"Montgomery County, Georgia",8.0,1,Asian or Mixed,13,209
"Montgomery County, Georgia",0.0,1,Pacific Islander or Mixed,13,209
"Montgomery County, Georgia",0.0,2,American Indian,13,209
"Montgomery County, Georgia",520.0,2,Not Specified,13,209
"Montgomery County, Georgia",359.0,2,White,13,209
"Montgomery County, Georgia",124.0,2,African American,13,209
"Montgomery County, Georgia",9.0,2,Asian,13,209
"Montgomery County, Georgia",0.0,2,Pacific Islander,13,209
"Montgomery County, Georgia",28.0,2,Mixed,13,209
"Montgomery County, Georgia",385.0,2,White or Mixed,13,209
"Montgomery County, Georgia",148.0,2,African American or Mixed,13,209
"Montgomery County, Georgia",2.0,2,American Indian or Mixed,13,209
"Montgomery County, Georgia",360.0,3,White,13,209
"Montgomery County, Georgia",12.0,2,Asian or Mixed,13,209
"Montgomery County, Georgia",1.0,2,Pacific Islander or Mixed,13,209
"Montgomery County, Georgia",511.0,3,Not Specified,13,209
"Montgomery County, Georgia",130.0,3,African American,13,209
"Montgomery County, Georgia",18.0,3,Mixed,13,209
"Montgomery County, Georgia",0.0,3,American Indian,13,209
"Montgomery County, Georgia",3.0,3,Asian,13,209
"Montgomery County, Georgia",0.0,3,Pacific Islander,13,209
"Montgomery County, Georgia",377.0,3,White or Mixed,13,209
"Montgomery County, Georgia",144.0,3,African American or Mixed,13,209
"Montgomery County, Georgia",3.0,3,American Indian or Mixed,13,209
"Montgomery County, Georgia",6.0,3,Asian or Mixed,13,209
"Montgomery County, Georgia",0.0,3,Pacific Islander or Mixed,13,209
"Montgomery County, Georgia",2.0,4,American Indian,13,209
"Montgomery County, Georgia",701.0,4,Not Specified,13,209
"Montgomery County, Georgia",503.0,4,White,13,209
"Montgomery County, Georgia",181.0,4,African American,13,209
"Montgomery County, Georgia",3.0,4,Asian,13,209
"Montgomery County, Georgia",0.0,4,Pacific Islander,13,209
"Montgomery County, Georgia",12.0,4,Mixed,13,209
"Montgomery County, Georgia",514.0,4,White or Mixed,13,209
"Montgomery County, Georgia",189.0,4,African American or Mixed,13,209
"Montgomery County, Georgia",6.0,4,American Indian or Mixed,13,209
"Montgomery County, Georgia",5.0,4,Asian or Mixed,13,209
"Montgomery County, Georgia",0.0,4,Pacific Islander or Mixed,13,209
"Montgomery County, Georgia",1.0,5,American Indian,13,209
"Montgomery County, Georgia",763.0,5,Not Specified,13,209
"Montgomery County, Georgia",502.0,5,White,13,209
"Montgomery County, Georgia",241.0,5,African American,13,209
"Montgomery County, Georgia",6.0,5,Asian,13,209
"Montgomery County, Georgia",0.0,5,Pacific Islander,13,209
"Montgomery County, Georgia",13.0,5,Mixed,13,209
"Montgomery County, Georgia",515.0,5,White or Mixed,13,209
"Montgomery County, Georgia",245.0,5,African American or Mixed,13,209
"Montgomery County, Georgia",4.0,5,American Indian or Mixed,13,209
"Montgomery County, Georgia",11.0,5,Asian or Mixed,13,209
"Montgomery County, Georgia",1.0,5,Pacific Islander or Mixed,13,209
"Montgomery County, Georgia",0.0,6,American Indian,13,209
"Montgomery County, Georgia",602.0,6,Not Specified,13,209
"Montgomery County, Georgia",383.0,6,White,13,209
"Montgomery County, Georgia",203.0,6,African American,13,209
"Montgomery County, Georgia",9.0,6,Asian,13,209
"Montgomery County, Georgia",1.0,6,Pacific Islander,13,209
"Montgomery County, Georgia",6.0,6,Mixed,13,209
"Montgomery County, Georgia",389.0,6,White or Mixed,13,209
"Montgomery County, Georgia",205.0,6,African American or Mixed,13,209
"Montgomery County, Georgia",4.0,6,American Indian or Mixed,13,209
"Montgomery County, Georgia",9.0,6,Asian or Mixed,13,209
"Montgomery County, Georgia",1.0,6,Pacific Islander or Mixed,13,209
"Montgomery County, Georgia",1.0,7,American Indian,13,209
"Montgomery County, Georgia",559.0,7,Not Specified,13,209
"Montgomery County, Georgia",404.0,7,White,13,209
"Montgomery County, Georgia",151.0,7,African American,13,209
"Montgomery County, Georgia",0.0,7,Asian,13,209
"Montgomery County, Georgia",152.0,7,African American or Mixed,13,209
"Montgomery County, Georgia",0.0,7,Pacific Islander,13,209
"Montgomery County, Georgia",3.0,7,Mixed,13,209
"Montgomery County, Georgia",407.0,7,White or Mixed,13,209
"Montgomery County, Georgia",1.0,7,American Indian or Mixed,13,209
"Montgomery County, Georgia",1.0,7,Asian or Mixed,13,209
"Montgomery County, Georgia",1.0,7,Pacific Islander or Mixed,13,209
"Montgomery County, Georgia",0.0,8,American Indian,13,209
"Montgomery County, Georgia",541.0,8,Not Specified,13,209
"Montgomery County, Georgia",365.0,8,White,13,209
"Montgomery County, Georgia",164.0,8,African American,13,209
"Montgomery County, Georgia",2.0,8,Asian,13,209
"Montgomery County, Georgia",0.0,8,Pacific Islander,13,209
"Montgomery County, Georgia",10.0,8,Mixed,13,209
"Montgomery County, Georgia",374.0,8,White or Mixed,13,209
"Montgomery County, Georgia",168.0,8,African American or Mixed,13,209
"Montgomery County, Georgia",5.0,8,American Indian or Mixed,13,209
"Montgomery County, Georgia",3.0,8,Asian or Mixed,13,209
"Montgomery County, Georgia",1.0,8,Pacific Islander or Mixed,13,209
"Montgomery County, Georgia",0.0,9,American Indian,13,209
"Montgomery County, Georgia",515.0,9,Not Specified,13,209
"Montgomery County, Georgia",365.0,9,White,13,209
"Montgomery County, Georgia",147.0,9,African American,13,209
"Montgomery County, Georgia",0.0,9,Asian,13,209
"Montgomery County, Georgia",0.0,9,Pacific Islander,13,209
"Montgomery County, Georgia",3.0,9,Mixed,13,209
"Montgomery County, Georgia",368.0,9,White or Mixed,13,209
"Montgomery County, Georgia",148.0,9,African American or Mixed,13,209
"Montgomery County, Georgia",1.0,9,American Indian or Mixed,13,209
"Montgomery County, Georgia",0.0,9,Asian or Mixed,13,209
"Montgomery County, Georgia",1.0,9,Pacific Islander or Mixed,13,209
"Montgomery County, Georgia",0.0,10,American Indian,13,209
"Montgomery County, Georgia",590.0,10,Not Specified,13,209
"Montgomery County, Georgia",439.0,10,White,13,209
"Montgomery County, Georgia",142.0,10,African American,13,209
"Montgomery County, Georgia",6.0,10,Asian,13,209
"Montgomery County, Georgia",0.0,10,Pacific Islander,13,209
"Montgomery County, Georgia",3.0,10,Mixed,13,209
"Montgomery County, Georgia",442.0,10,White or Mixed,13,209
"Montgomery County, Georgia",143.0,10,African American or Mixed,13,209
"Montgomery County, Georgia",0.0,10,American Indian or Mixed,13,209
"Montgomery County, Georgia",8.0,10,Asian or Mixed,13,209
"Montgomery County, Georgia",0.0,10,Pacific Islander or Mixed,13,209
"Montgomery County, Georgia",0.0,11,American Indian,13,209
"Montgomery County, Georgia",572.0,11,Not Specified,13,209
"Montgomery County, Georgia",412.0,11,White,13,209
"Montgomery County, Georgia",154.0,11,African American,13,209
"Montgomery County, Georgia",2.0,11,Asian,13,209
"Montgomery County, Georgia",1.0,11,Pacific Islander,13,209
"Montgomery County, Georgia",3.0,11,Mixed,13,209
"Montgomery County, Georgia",415.0,11,White or Mixed,13,209
"Montgomery County, Georgia",1.0,11,Pacific Islander or Mixed,13,209
"Montgomery County, Georgia",154.0,11,African American or Mixed,13,209
"Montgomery County, Georgia",3.0,11,American Indian or Mixed,13,209
"Montgomery County, Georgia",2.0,11,Asian or Mixed,13,209
"Montgomery County, Georgia",621.0,12,Not Specified,13,209
"Montgomery County, Georgia",8.0,12,Asian,13,209
"Montgomery County, Georgia",441.0,12,White,13,209
"Montgomery County, Georgia",168.0,12,African American,13,209
"Montgomery County, Georgia",2.0,12,American Indian,13,209
"Montgomery County, Georgia",0.0,12,Pacific Islander,13,209
"Montgomery County, Georgia",2.0,12,Mixed,13,209
"Montgomery County, Georgia",443.0,12,White or Mixed,13,209
"Montgomery County, Georgia",170.0,12,African American or Mixed,13,209
"Montgomery County, Georgia",2.0,12,American Indian or Mixed,13,209
"Montgomery County, Georgia",8.0,12,Asian or Mixed,13,209
"Montgomery County, Georgia",0.0,12,Pacific Islander or Mixed,13,209
"Montgomery County, Georgia",3.0,13,American Indian,13,209
"Montgomery County, Georgia",588.0,13,Not Specified,13,209
"Montgomery County, Georgia",439.0,13,White,13,209
"Montgomery County, Georgia",144.0,13,African American,13,209
"Montgomery County, Georgia",0.0,13,Asian,13,209
"Montgomery County, Georgia",0.0,13,Pacific Islander,13,209
"Montgomery County, Georgia",2.0,13,Mixed,13,209
"Montgomery County, Georgia",440.0,13,White or Mixed,13,209
"Montgomery County, Georgia",146.0,13,African American or Mixed,13,209
"Montgomery County, Georgia",4.0,13,American Indian or Mixed,13,209
"Montgomery County, Georgia",0.0,13,Asian or Mixed,13,209
"Montgomery County, Georgia",0.0,13,Pacific Islander or Mixed,13,209
"Montgomery County, Georgia",1.0,14,American Indian,13,209
"Montgomery County, Georgia",536.0,14,Not Specified,13,209
"Montgomery County, Georgia",407.0,14,White,13,209
"Montgomery County, Georgia",123.0,14,African American,13,209
"Montgomery County, Georgia",1.0,14,Asian,13,209
"Montgomery County, Georgia",0.0,14,Pacific Islander,13,209
"Montgomery County, Georgia",4.0,14,Mixed,13,209
"Montgomery County, Georgia",410.0,14,White or Mixed,13,209
"Montgomery County, Georgia",126.0,14,African American or Mixed,13,209
"Montgomery County, Georgia",2.0,14,American Indian or Mixed,13,209
"Montgomery County, Georgia",2.0,14,Asian or Mixed,13,209
"Montgomery County, Georgia",0.0,14,Pacific Islander or Mixed,13,209
"Montgomery County, Georgia",1.0,15,American Indian,13,209
"Montgomery County, Georgia",436.0,15,Not Specified,13,209
"Montgomery County, Georgia",346.0,15,White,13,209
"Montgomery County, Georgia",84.0,15,African American,13,209
"Montgomery County, Georgia",0.0,15,Asian,13,209
"Montgomery County, Georgia",0.0,15,Pacific Islander,13,209
"Montgomery County, Georgia",5.0,15,Mixed,13,209
"Montgomery County, Georgia",351.0,15,White or Mixed,13,209
"Montgomery County, Georgia",85.0,15,African American or Mixed,13,209
"Montgomery County, Georgia",4.0,15,American Indian or Mixed,13,209
"Montgomery County, Georgia",224.0,16,White,13,209
"Montgomery County, Georgia",0.0,15,Asian or Mixed,13,209
"Montgomery County, Georgia",1.0,15,Pacific Islander or Mixed,13,209
"Montgomery County, Georgia",283.0,16,Not Specified,13,209
"Montgomery County, Georgia",56.0,16,African American,13,209
"Montgomery County, Georgia",1.0,16,Mixed,13,209
"Montgomery County, Georgia",0.0,16,American Indian,13,209
"Montgomery County, Georgia",2.0,16,Asian,13,209
"Montgomery County, Georgia",0.0,16,Pacific Islander,13,209
"Montgomery County, Georgia",224.0,16,White or Mixed,13,209
"Montgomery County, Georgia",57.0,16,African American or Mixed,13,209
"Montgomery County, Georgia",1.0,16,American Indian or Mixed,13,209
"Montgomery County, Georgia",2.0,16,Asian or Mixed,13,209
"Montgomery County, Georgia",0.0,16,Pacific Islander or Mixed,13,209
"Montgomery County, Georgia",0.0,17,American Indian,13,209
"Montgomery County, Georgia",233.0,17,Not Specified,13,209
"Montgomery County, Georgia",186.0,17,White,13,209
"Montgomery County, Georgia",43.0,17,African American,13,209
"Montgomery County, Georgia",1.0,17,Asian,13,209
"Montgomery County, Georgia",0.0,17,Pacific Islander,13,209
"Montgomery County, Georgia",3.0,17,Mixed,13,209
"Montgomery County, Georgia",188.0,17,White or Mixed,13,209
"Montgomery County, Georgia",44.0,17,African American or Mixed,13,209
"Montgomery County, Georgia",1.0,17,American Indian or Mixed,13,209
"Montgomery County, Georgia",3.0,17,Asian or Mixed,13,209
"Montgomery County, Georgia",0.0,17,Pacific Islander or Mixed,13,209
"Montgomery County, Georgia",0.0,18,American Indian,13,209
"Montgomery County, Georgia",118.0,18,Not Specified,13,209
"Montgomery County, Georgia",92.0,18,White,13,209
"Montgomery County, Georgia",25.0,18,African American,13,209
"Montgomery County, Georgia",0.0,18,Asian,13,209
"Montgomery County, Georgia",0.0,18,Pacific Islander,13,209
"Montgomery County, Georgia",1.0,18,Mixed,13,209
"Montgomery County, Georgia",93.0,18,White or Mixed,13,209
"Montgomery County, Georgia",26.0,18,African American or Mixed,13,209
"Montgomery County, Georgia",1.0,18,American Indian or Mixed,13,209
"Montgomery County, Georgia",0.0,18,Asian or Mixed,13,209
"Montgomery County, Georgia",0.0,18,Pacific Islander or Mixed,13,209
"Montgomery County, Georgia",5736.0,22,Not Specified,13,209
"Montgomery County, Georgia",1830.0,19,Not Specified,13,209
"Montgomery County, Georgia",941.0,20,Not Specified,13,209
"Montgomery County, Georgia",406.0,21,Not Specified,13,209
"Montgomery County, Georgia",1148.0,23,Not Specified,13,209
"Montgomery County, Georgia",2217.0,24,Not Specified,13,209
"Montgomery County, Georgia",2371.0,25,Not Specified,13,209
"Montgomery County, Georgia",1606.0,26,Not Specified,13,209
"Montgomery County, Georgia",118.0,27,Not Specified,13,209
"Montgomery County, Georgia",7543.0,28,Not Specified,13,209
"Montgomery County, Georgia",7342.0,29,Not Specified,13,209
"Montgomery County, Georgia",3681.0,30,Not Specified,13,209
"Montgomery County, Georgia",39.1,31,Not Specified,13,209
"Clayton County, Georgia",1743.0,0,American Indian,13,063
"Wilkes County, Georgia",9777.0,0,Not Specified,13,317
"Wilkes County, Georgia",5452.0,0,White,13,317
"Wilkes County, Georgia",4018.0,0,African American,13,317
"Clayton County, Georgia",292256.0,0,Not Specified,13,063
"Clayton County, Georgia",55855.0,0,White,13,063
"Clayton County, Georgia",212619.0,0,African American,13,063
"Clayton County, Georgia",14687.0,0,Asian,13,063
"Clayton County, Georgia",331.0,0,Pacific Islander,13,063
"Clayton County, Georgia",7021.0,0,Mixed,13,063
"Clayton County, Georgia",61142.0,0,White or Mixed,13,063
"Clayton County, Georgia",218263.0,0,African American or Mixed,13,063
"Clayton County, Georgia",3811.0,0,American Indian or Mixed,13,063
"Clayton County, Georgia",16074.0,0,Asian or Mixed,13,063
"Clayton County, Georgia",784.0,0,Pacific Islander or Mixed,13,063
"Clayton County, Georgia",158.0,1,American Indian,13,063
"Clayton County, Georgia",21815.0,1,Not Specified,13,063
"Clayton County, Georgia",4367.0,1,White,13,063
"Clayton County, Georgia",15416.0,1,African American,13,063
"Clayton County, Georgia",696.0,1,Asian,13,063
"Clayton County, Georgia",51.0,1,Pacific Islander,13,063
"Clayton County, Georgia",1127.0,1,Mixed,13,063
"Clayton County, Georgia",5312.0,1,White or Mixed,13,063
"Clayton County, Georgia",16395.0,1,African American or Mixed,13,063
"Clayton County, Georgia",386.0,1,American Indian or Mixed,13,063
"Clayton County, Georgia",894.0,1,Asian or Mixed,13,063
"Clayton County, Georgia",105.0,1,Pacific Islander or Mixed,13,063
"Clayton County, Georgia",137.0,2,American Indian,13,063
"Clayton County, Georgia",22584.0,2,Not Specified,13,063
"Clayton County, Georgia",4543.0,2,White,13,063
"Clayton County, Georgia",16043.0,2,African American,13,063
"Clayton County, Georgia",811.0,2,Asian,13,063
"Clayton County, Georgia",42.0,2,Pacific Islander,13,063
"Clayton County, Georgia",1008.0,2,Mixed,13,063
"Clayton County, Georgia",5368.0,2,White or Mixed,13,063
"Clayton County, Georgia",16919.0,2,African American or Mixed,13,063
"Clayton County, Georgia",324.0,2,American Indian or Mixed,13,063
"Clayton County, Georgia",989.0,2,Asian or Mixed,13,063
"Wilkes County, Georgia",23.0,0,American Indian,13,317
"Wilkes County, Georgia",87.0,0,Asian,13,317
"Wilkes County, Georgia",2.0,0,Pacific Islander,13,317
"Wilkes County, Georgia",195.0,0,Mixed,13,317
"Wilkes County, Georgia",5637.0,0,White or Mixed,13,317
"Wilkes County, Georgia",4155.0,0,African American or Mixed,13,317
"Wilkes County, Georgia",61.0,0,American Indian or Mixed,13,317
"Wilkes County, Georgia",111.0,0,Asian or Mixed,13,317
"Wilkes County, Georgia",0.0,1,American Indian,13,317
"Wilkes County, Georgia",8.0,0,Pacific Islander or Mixed,13,317
"Wilkes County, Georgia",494.0,1,Not Specified,13,317
"Wilkes County, Georgia",245.0,1,White,13,317
"Wilkes County, Georgia",227.0,1,African American,13,317
"Wilkes County, Georgia",266.0,1,White or Mixed,13,317
"Wilkes County, Georgia",0.0,1,Asian,13,317
"Wilkes County, Georgia",0.0,1,Pacific Islander,13,317
"Wilkes County, Georgia",22.0,1,Mixed,13,317
"Wilkes County, Georgia",246.0,1,African American or Mixed,13,317
"Wilkes County, Georgia",1.0,1,American Indian or Mixed,13,317
"Wilkes County, Georgia",3.0,1,Asian or Mixed,13,317
"Wilkes County, Georgia",0.0,1,Pacific Islander or Mixed,13,317
"Wilkes County, Georgia",2.0,2,American Indian,13,317
"Wilkes County, Georgia",572.0,2,Not Specified,13,317
"Wilkes County, Georgia",257.0,2,White,13,317
"Wilkes County, Georgia",264.0,2,African American,13,317
"Wilkes County, Georgia",9.0,2,Asian,13,317
"Wilkes County, Georgia",1.0,2,Pacific Islander,13,317
"Wilkes County, Georgia",39.0,2,Mixed,13,317
"Wilkes County, Georgia",296.0,2,White or Mixed,13,317
"Wilkes County, Georgia",298.0,2,African American or Mixed,13,317
"Wilkes County, Georgia",6.0,2,American Indian or Mixed,13,317
"Wilkes County, Georgia",9.0,2,Asian or Mixed,13,317
"Wilkes County, Georgia",2.0,2,Pacific Islander or Mixed,13,317
"Wilkes County, Georgia",1.0,3,American Indian,13,317
"Wilkes County, Georgia",621.0,3,Not Specified,13,317
"Wilkes County, Georgia",287.0,3,White,13,317
"Wilkes County, Georgia",300.0,3,African American,13,317
"Wilkes County, Georgia",9.0,3,Asian,13,317
"Wilkes County, Georgia",0.0,3,Pacific Islander,13,317
"Wilkes County, Georgia",24.0,3,Mixed,13,317
"Wilkes County, Georgia",310.0,3,White or Mixed,13,317
"Wilkes County, Georgia",321.0,3,African American or Mixed,13,317
"Wilkes County, Georgia",3.0,3,American Indian or Mixed,13,317
"Wilkes County, Georgia",10.0,3,Asian or Mixed,13,317
"Wilkes County, Georgia",1.0,3,Pacific Islander or Mixed,13,317
"Wilkes County, Georgia",582.0,4,Not Specified,13,317
"Wilkes County, Georgia",286.0,4,White,13,317
"Wilkes County, Georgia",261.0,4,African American,13,317
"Wilkes County, Georgia",0.0,4,American Indian,13,317
"Wilkes County, Georgia",12.0,4,Asian,13,317
"Wilkes County, Georgia",0.0,4,Pacific Islander,13,317
"Wilkes County, Georgia",23.0,4,Mixed,13,317
"Wilkes County, Georgia",308.0,4,White or Mixed,13,317
"Wilkes County, Georgia",280.0,4,African American or Mixed,13,317
"Wilkes County, Georgia",3.0,4,American Indian or Mixed,13,317
"Wilkes County, Georgia",14.0,4,Asian or Mixed,13,317
"Wilkes County, Georgia",0.0,4,Pacific Islander or Mixed,13,317
"Wilkes County, Georgia",1.0,5,American Indian,13,317
"Wilkes County, Georgia",517.0,5,Not Specified,13,317
"Wilkes County, Georgia",271.0,5,White,13,317
"Wilkes County, Georgia",216.0,5,African American,13,317
"Wilkes County, Georgia",6.0,5,Asian,13,317
"Clayton County, Georgia",89.0,2,Pacific Islander or Mixed,13,063
"Clayton County, Georgia",926.0,3,Asian,13,063
"Clayton County, Georgia",23312.0,3,Not Specified,13,063
"Clayton County, Georgia",4535.0,3,White,13,063
"Clayton County, Georgia",16723.0,3,African American,13,063
"Clayton County, Georgia",156.0,3,American Indian,13,063
"Clayton County, Georgia",26.0,3,Pacific Islander,13,063
"Clayton County, Georgia",946.0,3,Mixed,13,063
"Clayton County, Georgia",5307.0,3,White or Mixed,13,063
"Clayton County, Georgia",67.0,3,Pacific Islander or Mixed,13,063
"Clayton County, Georgia",17540.0,3,African American or Mixed,13,063
"Clayton County, Georgia",348.0,3,American Indian or Mixed,13,063
"Clayton County, Georgia",1106.0,3,Asian or Mixed,13,063
"Clayton County, Georgia",21294.0,4,Not Specified,13,063
"Clayton County, Georgia",947.0,4,Asian,13,063
"Clayton County, Georgia",3888.0,4,White,13,063
"Clayton County, Georgia",15595.0,4,African American,13,063
"Clayton County, Georgia",158.0,4,American Indian,13,063
"Clayton County, Georgia",14.0,4,Pacific Islander,13,063
"Clayton County, Georgia",692.0,4,Mixed,13,063
"Clayton County, Georgia",4444.0,4,White or Mixed,13,063
"Clayton County, Georgia",16175.0,4,African American or Mixed,13,063
"Clayton County, Georgia",306.0,4,American Indian or Mixed,13,063
"Clayton County, Georgia",1079.0,4,Asian or Mixed,13,063
"Clayton County, Georgia",52.0,4,Pacific Islander or Mixed,13,063
"Clayton County, Georgia",153.0,5,American Indian,13,063
"Clayton County, Georgia",20279.0,5,Not Specified,13,063
"Clayton County, Georgia",3274.0,5,White,13,063
"Clayton County, Georgia",15347.0,5,African American,13,063
"Clayton County, Georgia",960.0,5,Asian,13,063
"Clayton County, Georgia",12.0,5,Pacific Islander,13,063
"Clayton County, Georgia",533.0,5,Mixed,13,063
"Clayton County, Georgia",3685.0,5,White or Mixed,13,063
"Clayton County, Georgia",15792.0,5,African American or Mixed,13,063
"Clayton County, Georgia",279.0,5,American Indian or Mixed,13,063
"Clayton County, Georgia",1057.0,5,Asian or Mixed,13,063
"Clayton County, Georgia",44.0,5,Pacific Islander or Mixed,13,063
"Clayton County, Georgia",111.0,6,American Indian,13,063
"Clayton County, Georgia",24956.0,6,Not Specified,13,063
"Clayton County, Georgia",3569.0,6,White,13,063
"Clayton County, Georgia",19637.0,6,African American,13,063
"Clayton County, Georgia",1085.0,6,Asian,13,063
"Clayton County, Georgia",21.0,6,Pacific Islander,13,063
"Clayton County, Georgia",533.0,6,Mixed,13,063
"Clayton County, Georgia",3948.0,6,White or Mixed,13,063
"Clayton County, Georgia",20066.0,6,African American or Mixed,13,063
"Clayton County, Georgia",284.0,6,American Indian or Mixed,13,063
"Clayton County, Georgia",1200.0,6,Asian or Mixed,13,063
"Clayton County, Georgia",53.0,6,Pacific Islander or Mixed,13,063
"Clayton County, Georgia",135.0,7,American Indian,13,063
"Clayton County, Georgia",21696.0,7,Not Specified,13,063
"Clayton County, Georgia",3354.0,7,White,13,063
"Clayton County, Georgia",16875.0,7,African American,13,063
"Clayton County, Georgia",930.0,7,Asian,13,063
"Clayton County, Georgia",18.0,7,Pacific Islander,13,063
"Clayton County, Georgia",384.0,7,Mixed,13,063
"Clayton County, Georgia",3612.0,7,White or Mixed,13,063
"Clayton County, Georgia",17173.0,7,African American or Mixed,13,063
"Clayton County, Georgia",19609.0,8,Not Specified,13,063
"Clayton County, Georgia",269.0,7,American Indian or Mixed,13,063
"Clayton County, Georgia",1023.0,7,Asian or Mixed,13,063
"Clayton County, Georgia",44.0,7,Pacific Islander or Mixed,13,063
"Wilkes County, Georgia",0.0,5,Pacific Islander,13,317
"Wilkes County, Georgia",9.0,5,Asian or Mixed,13,317
"Wilkes County, Georgia",23.0,5,Mixed,13,317
"Wilkes County, Georgia",292.0,5,White or Mixed,13,317
"Wilkes County, Georgia",235.0,5,African American or Mixed,13,317
"Wilkes County, Georgia",4.0,5,American Indian or Mixed,13,317
"Wilkes County, Georgia",0.0,5,Pacific Islander or Mixed,13,317
"Wilkes County, Georgia",2.0,6,American Indian,13,317
"Wilkes County, Georgia",529.0,6,Not Specified,13,317
"Wilkes County, Georgia",286.0,6,White,13,317
"Wilkes County, Georgia",226.0,6,African American,13,317
"Wilkes County, Georgia",4.0,6,Asian,13,317
"Wilkes County, Georgia",0.0,6,Pacific Islander,13,317
"Wilkes County, Georgia",11.0,6,Mixed,13,317
"Wilkes County, Georgia",297.0,6,White or Mixed,13,317
"Wilkes County, Georgia",231.0,6,African American or Mixed,13,317
"Wilkes County, Georgia",4.0,6,American Indian or Mixed,13,317
"Wilkes County, Georgia",8.0,6,Asian or Mixed,13,317
"Wilkes County, Georgia",0.0,6,Pacific Islander or Mixed,13,317
"Wilkes County, Georgia",1.0,7,American Indian,13,317
"Wilkes County, Georgia",495.0,7,Not Specified,13,317
"Wilkes County, Georgia",259.0,7,White,13,317
"Wilkes County, Georgia",219.0,7,African American,13,317
"Wilkes County, Georgia",5.0,7,Asian,13,317
"Wilkes County, Georgia",1.0,7,Pacific Islander,13,317
"Wilkes County, Georgia",10.0,7,Mixed,13,317
"Wilkes County, Georgia",269.0,7,White or Mixed,13,317
"Wilkes County, Georgia",224.0,7,African American or Mixed,13,317
"Wilkes County, Georgia",4.0,7,American Indian or Mixed,13,317
"Wilkes County, Georgia",6.0,7,Asian or Mixed,13,317
"Wilkes County, Georgia",2.0,7,Pacific Islander or Mixed,13,317
"Wilkes County, Georgia",2.0,8,American Indian,13,317
"Wilkes County, Georgia",504.0,8,Not Specified,13,317
"Wilkes County, Georgia",273.0,8,White,13,317
"Wilkes County, Georgia",213.0,8,African American,13,317
"Wilkes County, Georgia",9.0,8,Asian,13,317
"Wilkes County, Georgia",0.0,8,Pacific Islander,13,317
"Wilkes County, Georgia",7.0,8,Mixed,13,317
"Wilkes County, Georgia",280.0,8,White or Mixed,13,317
"Wilkes County, Georgia",217.0,8,African American or Mixed,13,317
"Wilkes County, Georgia",3.0,8,American Indian or Mixed,13,317
"Wilkes County, Georgia",11.0,8,Asian or Mixed,13,317
"Wilkes County, Georgia",0.0,8,Pacific Islander or Mixed,13,317
"Wilkes County, Georgia",1.0,9,American Indian,13,317
"Wilkes County, Georgia",455.0,9,Not Specified,13,317
"Wilkes County, Georgia",232.0,9,White,13,317
"Wilkes County, Georgia",209.0,9,African American,13,317
"Wilkes County, Georgia",9.0,9,Asian,13,317
"Wilkes County, Georgia",0.0,9,Pacific Islander,13,317
"Wilkes County, Georgia",4.0,9,Mixed,13,317
"Wilkes County, Georgia",236.0,9,White or Mixed,13,317
"Wilkes County, Georgia",210.0,9,African American or Mixed,13,317
"Wilkes County, Georgia",568.0,10,Not Specified,13,317
"Wilkes County, Georgia",1.0,9,American Indian or Mixed,13,317
"Wilkes County, Georgia",11.0,9,Asian or Mixed,13,317
"Wilkes County, Georgia",1.0,9,Pacific Islander or Mixed,13,317
"Wilkes County, Georgia",340.0,10,White,13,317
"Wilkes County, Georgia",0.0,10,Pacific Islander,13,317
"Wilkes County, Georgia",210.0,10,African American,13,317
"Wilkes County, Georgia",3.0,10,American Indian,13,317
"Wilkes County, Georgia",9.0,10,Asian,13,317
"Wilkes County, Georgia",6.0,10,Mixed,13,317
"Clayton County, Georgia",3332.0,8,White,13,063
"Clayton County, Georgia",351.0,8,Mixed,13,063
"Clayton County, Georgia",14688.0,8,African American,13,063
"Clayton County, Georgia",129.0,8,American Indian,13,063
"Clayton County, Georgia",1084.0,8,Asian,13,063
"Clayton County, Georgia",25.0,8,Pacific Islander,13,063
"Clayton County, Georgia",3567.0,8,White or Mixed,13,063
"Clayton County, Georgia",14953.0,8,African American or Mixed,13,063
"Clayton County, Georgia",254.0,8,American Indian or Mixed,13,063
"Clayton County, Georgia",1167.0,8,Asian or Mixed,13,063
"Clayton County, Georgia",55.0,8,Pacific Islander or Mixed,13,063
"Clayton County, Georgia",109.0,9,American Indian,13,063
"Clayton County, Georgia",18225.0,9,Not Specified,13,063
"Clayton County, Georgia",3381.0,9,White,13,063
"Clayton County, Georgia",13452.0,9,African American,13,063
"Clayton County, Georgia",988.0,9,Asian,13,063
"Clayton County, Georgia",23.0,9,Pacific Islander,13,063
"Clayton County, Georgia",272.0,9,Mixed,13,063
"Clayton County, Georgia",3567.0,9,White or Mixed,13,063
"Clayton County, Georgia",13653.0,9,African American or Mixed,13,063
"Clayton County, Georgia",216.0,9,American Indian or Mixed,13,063
"Clayton County, Georgia",1051.0,9,Asian or Mixed,13,063
"Clayton County, Georgia",45.0,9,Pacific Islander or Mixed,13,063
"Clayton County, Georgia",108.0,10,American Indian,13,063
"Clayton County, Georgia",19144.0,10,Not Specified,13,063
"Clayton County, Georgia",3203.0,10,White,13,063
"Clayton County, Georgia",14213.0,10,African American,13,063
"Clayton County, Georgia",1304.0,10,Asian,13,063
"Clayton County, Georgia",22.0,10,Pacific Islander,13,063
"Clayton County, Georgia",294.0,10,Mixed,13,063
"Clayton County, Georgia",3389.0,10,White or Mixed,13,063
"Clayton County, Georgia",14430.0,10,African American or Mixed,13,063
"Clayton County, Georgia",241.0,10,American Indian or Mixed,13,063
"Clayton County, Georgia",1365.0,10,Asian or Mixed,13,063
"Clayton County, Georgia",53.0,10,Pacific Islander or Mixed,13,063
"Clayton County, Georgia",112.0,11,American Indian,13,063
"Clayton County, Georgia",18393.0,11,Not Specified,13,063
"Clayton County, Georgia",3130.0,11,White,13,063
"Clayton County, Georgia",13759.0,11,African American,13,063
"Clayton County, Georgia",1126.0,11,Asian,13,063
"Clayton County, Georgia",26.0,11,Pacific Islander,13,063
"Clayton County, Georgia",240.0,11,Mixed,13,063
"Clayton County, Georgia",3288.0,11,White or Mixed,13,063
"Clayton County, Georgia",13922.0,11,African American or Mixed,13,063
"Clayton County, Georgia",240.0,11,American Indian or Mixed,13,063
"Clayton County, Georgia",3236.0,12,White,13,063
"Clayton County, Georgia",1172.0,11,Asian or Mixed,13,063
"Clayton County, Georgia",45.0,11,Pacific Islander or Mixed,13,063
"Clayton County, Georgia",17537.0,12,Not Specified,13,063
"Clayton County, Georgia",13082.0,12,African American,13,063
"Clayton County, Georgia",206.0,12,Mixed,13,063
"Clayton County, Georgia",88.0,12,American Indian,13,063
"Clayton County, Georgia",902.0,12,Asian,13,063
"Clayton County, Georgia",23.0,12,Pacific Islander,13,063
"Clayton County, Georgia",3358.0,12,White or Mixed,13,063
"Clayton County, Georgia",13210.0,12,African American or Mixed,13,063
"Clayton County, Georgia",205.0,12,American Indian or Mixed,13,063
"Clayton County, Georgia",947.0,12,Asian or Mixed,13,063
"Clayton County, Georgia",48.0,12,Pacific Islander or Mixed,13,063
"Wilkes County, Georgia",345.0,10,White or Mixed,13,317
"Wilkes County, Georgia",214.0,10,African American or Mixed,13,317
"Wilkes County, Georgia",5.0,10,American Indian or Mixed,13,317
"Wilkes County, Georgia",10.0,10,Asian or Mixed,13,317
"Wilkes County, Georgia",0.0,10,Pacific Islander or Mixed,13,317
"Wilkes County, Georgia",0.0,11,American Indian,13,317
"Clayton County, Georgia",15245.0,13,Not Specified,13,063
"Clayton County, Georgia",3069.0,13,White,13,063
"Clayton County, Georgia",11156.0,13,African American,13,063
"Wilkes County, Georgia",630.0,11,Not Specified,13,317
"Wilkes County, Georgia",371.0,11,White,13,317
"Wilkes County, Georgia",251.0,11,African American,13,317
"Wilkes County, Georgia",5.0,11,Asian,13,317
"Wilkes County, Georgia",0.0,11,Pacific Islander,13,317
"Wilkes County, Georgia",3.0,11,Mixed,13,317
"Wilkes County, Georgia",374.0,11,White or Mixed,13,317
"Wilkes County, Georgia",252.0,11,African American or Mixed,13,317
"Wilkes County, Georgia",2.0,11,American Indian or Mixed,13,317
"Wilkes County, Georgia",5.0,11,Asian or Mixed,13,317
"Wilkes County, Georgia",0.0,11,Pacific Islander or Mixed,13,317
"Wilkes County, Georgia",6.0,12,American Indian,13,317
"Wilkes County, Georgia",715.0,12,Not Specified,13,317
"Wilkes County, Georgia",406.0,12,White,13,317
"Wilkes County, Georgia",296.0,12,African American,13,317
"Wilkes County, Georgia",3.0,12,Asian,13,317
"Wilkes County, Georgia",0.0,12,Pacific Islander,13,317
"Wilkes County, Georgia",4.0,12,Mixed,13,317
"Wilkes County, Georgia",410.0,12,White or Mixed,13,317
"Wilkes County, Georgia",296.0,12,African American or Mixed,13,317
"Wilkes County, Georgia",8.0,12,American Indian or Mixed,13,317
"Wilkes County, Georgia",4.0,12,Asian or Mixed,13,317
"Wilkes County, Georgia",1.0,12,Pacific Islander or Mixed,13,317
"Wilkes County, Georgia",0.0,13,American Indian,13,317
"Wilkes County, Georgia",775.0,13,Not Specified,13,317
"Wilkes County, Georgia",462.0,13,White,13,317
"Wilkes County, Georgia",307.0,13,African American,13,317
"Wilkes County, Georgia",2.0,13,Asian,13,317
"Wilkes County, Georgia",0.0,13,Pacific Islander,13,317
"Wilkes County, Georgia",4.0,13,Mixed,13,317
"Wilkes County, Georgia",465.0,13,White or Mixed,13,317
"Wilkes County, Georgia",309.0,13,African American or Mixed,13,317
"Wilkes County, Georgia",3.0,13,American Indian or Mixed,13,317
"Wilkes County, Georgia",2.0,13,Asian or Mixed,13,317
"Wilkes County, Georgia",236.0,14,African American,13,317
"Wilkes County, Georgia",0.0,13,Pacific Islander or Mixed,13,317
"Wilkes County, Georgia",619.0,14,Not Specified,13,317
"Wilkes County, Georgia",375.0,14,White,13,317
"Wilkes County, Georgia",3.0,14,American Indian,13,317
"Wilkes County, Georgia",377.0,14,White or Mixed,13,317
"Wilkes County, Georgia",2.0,14,Asian,13,317
"Wilkes County, Georgia",0.0,14,Pacific Islander,13,317
"Wilkes County, Georgia",3.0,14,Mixed,13,317
"Wilkes County, Georgia",237.0,14,African American or Mixed,13,317
"Wilkes County, Georgia",6.0,14,American Indian or Mixed,13,317
"Wilkes County, Georgia",2.0,14,Asian or Mixed,13,317
"Wilkes County, Georgia",0.0,14,Pacific Islander or Mixed,13,317
"Wilkes County, Georgia",0.0,15,American Indian,13,317
"Wilkes County, Georgia",612.0,15,Not Specified,13,317
"Wilkes County, Georgia",390.0,15,White,13,317
"Wilkes County, Georgia",214.0,15,African American,13,317
"Wilkes County, Georgia",1.0,15,Asian,13,317
"Wilkes County, Georgia",0.0,15,Pacific Islander,13,317
"Wilkes County, Georgia",7.0,15,Mixed,13,317
"Wilkes County, Georgia",396.0,15,White or Mixed,13,317
"Wilkes County, Georgia",215.0,15,African American or Mixed,13,317
"Clayton County, Georgia",68.0,13,American Indian,13,063
"Clayton County, Georgia",793.0,13,Asian,13,063
"Clayton County, Georgia",14.0,13,Pacific Islander,13,063
"Clayton County, Georgia",145.0,13,Mixed,13,063
"Clayton County, Georgia",3151.0,13,White or Mixed,13,063
"Clayton County, Georgia",11244.0,13,African American or Mixed,13,063
"Clayton County, Georgia",157.0,13,American Indian or Mixed,13,063
"Clayton County, Georgia",822.0,13,Asian or Mixed,13,063
"Clayton County, Georgia",33.0,13,Pacific Islander or Mixed,13,063
"Clayton County, Georgia",782.0,14,Asian,13,063
"Clayton County, Georgia",11477.0,14,Not Specified,13,063
"Clayton County, Georgia",2779.0,14,White,13,063
"Clayton County, Georgia",7745.0,14,African American,13,063
"Clayton County, Georgia",40.0,14,American Indian,13,063
"Clayton County, Georgia",6.0,14,Pacific Islander,13,063
"Clayton County, Georgia",125.0,14,Mixed,13,063
"Clayton County, Georgia",2853.0,14,White or Mixed,13,063
"Clayton County, Georgia",7817.0,14,African American or Mixed,13,063
"Clayton County, Georgia",126.0,14,American Indian or Mixed,13,063
"Clayton County, Georgia",808.0,14,Asian or Mixed,13,063
"Clayton County, Georgia",18.0,14,Pacific Islander or Mixed,13,063
"Clayton County, Georgia",40.0,15,American Indian,13,063
"Clayton County, Georgia",7776.0,15,Not Specified,13,063
"Clayton County, Georgia",2430.0,15,White,13,063
"Clayton County, Georgia",4609.0,15,African American,13,063
"Clayton County, Georgia",612.0,15,Asian,13,063
"Clayton County, Georgia",5.0,15,Pacific Islander,13,063
"Clayton County, Georgia",80.0,15,Mixed,13,063
"Clayton County, Georgia",2470.0,15,White or Mixed,13,063
"Clayton County, Georgia",4656.0,15,African American or Mixed,13,063
"Clayton County, Georgia",89.0,15,American Indian or Mixed,13,063
"Clayton County, Georgia",634.0,15,Asian or Mixed,13,063
"Clayton County, Georgia",2233.0,16,African American,13,063
"Clayton County, Georgia",15.0,15,Pacific Islander or Mixed,13,063
"Clayton County, Georgia",4483.0,16,Not Specified,13,063
"Clayton County, Georgia",1776.0,16,White,13,063
"Clayton County, Georgia",22.0,16,American Indian,13,063
"Clayton County, Georgia",1809.0,16,White or Mixed,13,063
"Clayton County, Georgia",408.0,16,Asian,13,063
"Clayton County, Georgia",2.0,16,Pacific Islander,13,063
"Clayton County, Georgia",42.0,16,Mixed,13,063
"Clayton County, Georgia",2251.0,16,African American or Mixed,13,063
"Clayton County, Georgia",45.0,16,American Indian or Mixed,13,063
"Clayton County, Georgia",418.0,16,Asian or Mixed,13,063
"Clayton County, Georgia",7.0,16,Pacific Islander or Mixed,13,063
"Clayton County, Georgia",13.0,17,American Indian,13,063
"Clayton County, Georgia",2509.0,17,Not Specified,13,063
"Clayton County, Georgia",1096.0,17,White,13,063
"Clayton County, Georgia",1182.0,17,African American,13,063
"Clayton County, Georgia",184.0,17,Asian,13,063
"Clayton County, Georgia",1.0,17,Pacific Islander,13,063
"Clayton County, Georgia",33.0,17,Mixed,13,063
"Clayton County, Georgia",1115.0,17,White or Mixed,13,063
"Clayton County, Georgia",1199.0,17,African American or Mixed,13,063
"Clayton County, Georgia",33.0,17,American Indian or Mixed,13,063
"Clayton County, Georgia",190.0,17,Asian or Mixed,13,063
"Clayton County, Georgia",6.0,17,Pacific Islander or Mixed,13,063
"Clayton County, Georgia",6.0,18,American Indian,13,063
"Clayton County, Georgia",1922.0,18,Not Specified,13,063
"Clayton County, Georgia",893.0,18,White,13,063
"Clayton County, Georgia",864.0,18,African American,13,063
"Clayton County, Georgia",149.0,18,Asian,13,063
"Wilkes County, Georgia",5.0,15,American Indian or Mixed,13,317
"Wilkes County, Georgia",3.0,15,Asian or Mixed,13,317
"Wilkes County, Georgia",0.0,15,Pacific Islander or Mixed,13,317
"Wilkes County, Georgia",1.0,16,Asian,13,317
"Wilkes County, Georgia",469.0,16,Not Specified,13,317
"Wilkes County, Georgia",313.0,16,White,13,317
"Wilkes County, Georgia",153.0,16,African American,13,317
"Wilkes County, Georgia",0.0,16,American Indian,13,317
"Wilkes County, Georgia",0.0,16,Pacific Islander,13,317
"Wilkes County, Georgia",2.0,16,Mixed,13,317
"Wilkes County, Georgia",315.0,16,White or Mixed,13,317
"Wilkes County, Georgia",154.0,16,African American or Mixed,13,317
"Wilkes County, Georgia",0.0,16,American Indian or Mixed,13,317
"Wilkes County, Georgia",2.0,16,Asian or Mixed,13,317
"Wilkes County, Georgia",0.0,16,Pacific Islander or Mixed,13,317
"Wilkes County, Georgia",1.0,17,American Indian,13,317
"Wilkes County, Georgia",309.0,17,Not Specified,13,317
"Wilkes County, Georgia",193.0,17,White,13,317
"Wilkes County, Georgia",112.0,17,African American,13,317
"Wilkes County, Georgia",0.0,17,Asian,13,317
"Wilkes County, Georgia",0.0,17,Pacific Islander,13,317
"Wilkes County, Georgia",3.0,17,Mixed,13,317
"Wilkes County, Georgia",195.0,17,White or Mixed,13,317
"Wilkes County, Georgia",112.0,17,African American or Mixed,13,317
"Wilkes County, Georgia",3.0,17,American Indian or Mixed,13,317
"Wilkes County, Georgia",1.0,17,Asian or Mixed,13,317
"Wilkes County, Georgia",1.0,17,Pacific Islander or Mixed,13,317
"Wilkes County, Georgia",0.0,18,American Indian,13,317
"Wilkes County, Georgia",311.0,18,Not Specified,13,317
"Wilkes County, Georgia",206.0,18,White,13,317
"Wilkes County, Georgia",104.0,18,African American,13,317
"Wilkes County, Georgia",1.0,18,Asian,13,317
"Wilkes County, Georgia",0.0,18,Pacific Islander,13,317
"Wilkes County, Georgia",0.0,18,Mixed,13,317
"Wilkes County, Georgia",1.0,18,Asian or Mixed,13,317
"Wilkes County, Georgia",206.0,18,White or Mixed,13,317
"Wilkes County, Georgia",104.0,18,African American or Mixed,13,317
"Wilkes County, Georgia",0.0,18,American Indian or Mixed,13,317
"Wilkes County, Georgia",0.0,18,Pacific Islander or Mixed,13,317
"Wilkes County, Georgia",5415.0,22,Not Specified,13,317
"Wilkes County, Georgia",2042.0,19,Not Specified,13,317
"Wilkes County, Georgia",1068.0,20,Not Specified,13,317
"Wilkes County, Georgia",480.0,21,Not Specified,13,317
"Wilkes County, Georgia",744.0,23,Not Specified,13,317
"Wilkes County, Georgia",1983.0,24,Not Specified,13,317
"Wilkes County, Georgia",2688.0,25,Not Specified,13,317
"Wilkes County, Georgia",2320.0,26,Not Specified,13,317
"Wilkes County, Georgia",311.0,27,Not Specified,13,317
"Wilkes County, Georgia",7974.0,28,Not Specified,13,317
"Wilkes County, Georgia",7735.0,29,Not Specified,13,317
"Wilkes County, Georgia",3082.0,30,Not Specified,13,317
"Wilkes County, Georgia",46.2,31,Not Specified,13,317
"Clayton County, Georgia",0.0,18,Pacific Islander,13,063
"Clayton County, Georgia",10.0,18,Mixed,13,063
"Clayton County, Georgia",899.0,18,White or Mixed,13,063
"Clayton County, Georgia",868.0,18,African American or Mixed,13,063
"Clayton County, Georgia",9.0,18,American Indian or Mixed,13,063
"Clayton County, Georgia",152.0,18,Asian or Mixed,13,063
"Clayton County, Georgia",5.0,18,Pacific Islander or Mixed,13,063
"Clayton County, Georgia",183467.0,22,Not Specified,13,063
"Clayton County, Georgia",80622.0,19,Not Specified,13,063
"Clayton County, Georgia",41376.0,20,Not Specified,13,063
"Clayton County, Georgia",17431.0,21,Not Specified,13,063
"Clayton County, Georgia",28662.0,23,Not Specified,13,063
"Clayton County, Georgia",84486.0,24,Not Specified,13,063
"Clayton County, Georgia",70319.0,25,Not Specified,13,063
"Clayton County, Georgia",28167.0,26,Not Specified,13,063
"Clayton County, Georgia",1922.0,27,Not Specified,13,063
"Clayton County, Georgia",220117.0,28,Not Specified,13,063
"Clayton County, Georgia",211634.0,29,Not Specified,13,063
"Clayton County, Georgia",126059.0,30,Not Specified,13,063
"Baldwin County, Georgia",782.0,0,Asian,13,009
"Clayton County, Georgia",32.6,31,Not Specified,13,063
"Baldwin County, Georgia",44890.0,0,Not Specified,13,009
"Baldwin County, Georgia",24255.0,0,White,13,009
"Baldwin County, Georgia",19061.0,0,African American,13,009
"Baldwin County, Georgia",152.0,0,American Indian,13,009
"Baldwin County, Georgia",38.0,0,Pacific Islander,13,009
"Baldwin County, Georgia",602.0,0,Mixed,13,009
"Baldwin County, Georgia",24800.0,0,White or Mixed,13,009
"Baldwin County, Georgia",19421.0,0,African American or Mixed,13,009
"Baldwin County, Georgia",290.0,0,American Indian or Mixed,13,009
"Baldwin County, Georgia",923.0,0,Asian or Mixed,13,009
"Baldwin County, Georgia",73.0,0,Pacific Islander or Mixed,13,009
"Baldwin County, Georgia",1.0,1,American Indian,13,009
"Baldwin County, Georgia",2113.0,1,Not Specified,13,009
"Baldwin County, Georgia",971.0,1,White,13,009
"Baldwin County, Georgia",1020.0,1,African American,13,009
"Baldwin County, Georgia",33.0,1,Asian,13,009
"Baldwin County, Georgia",1.0,1,Pacific Islander,13,009
"Baldwin County, Georgia",87.0,1,Mixed,13,009
"Baldwin County, Georgia",1054.0,1,White or Mixed,13,009
"Baldwin County, Georgia",4.0,1,Pacific Islander or Mixed,13,009
"Baldwin County, Georgia",1082.0,1,African American or Mixed,13,009
"Baldwin County, Georgia",10.0,1,American Indian or Mixed,13,009
"Baldwin County, Georgia",51.0,1,Asian or Mixed,13,009
"Baldwin County, Georgia",2278.0,2,Not Specified,13,009
"Baldwin County, Georgia",28.0,2,Asian,13,009
"Baldwin County, Georgia",1017.0,2,White,13,009
"Baldwin County, Georgia",1117.0,2,African American,13,009
"Baldwin County, Georgia",16.0,2,American Indian,13,009
"Baldwin County, Georgia",2.0,2,Pacific Islander,13,009
"Baldwin County, Georgia",98.0,2,Mixed,13,009
"Baldwin County, Georgia",1109.0,2,White or Mixed,13,009
"Baldwin County, Georgia",1189.0,2,African American or Mixed,13,009
"Baldwin County, Georgia",31.0,2,American Indian or Mixed,13,009
"Baldwin County, Georgia",43.0,2,Asian or Mixed,13,009
"Baldwin County, Georgia",6.0,2,Pacific Islander or Mixed,13,009
"Baldwin County, Georgia",11.0,3,American Indian,13,009
"Baldwin County, Georgia",2487.0,3,Not Specified,13,009
"Baldwin County, Georgia",1002.0,3,White,13,009
"Baldwin County, Georgia",1349.0,3,African American,13,009
"Baldwin County, Georgia",36.0,3,Asian,13,009
"Baldwin County, Georgia",2.0,3,Pacific Islander,13,009
"Baldwin County, Georgia",87.0,3,Mixed,13,009
"Baldwin County, Georgia",1084.0,3,White or Mixed,13,009
"Baldwin County, Georgia",1414.0,3,African American or Mixed,13,009
"Baldwin County, Georgia",21.0,3,American Indian or Mixed,13,009
"Baldwin County, Georgia",53.0,3,Asian or Mixed,13,009
"Baldwin County, Georgia",4.0,3,Pacific Islander or Mixed,13,009
"Echols County, Georgia",87.0,0,Mixed,13,101
"Echols County, Georgia",4006.0,0,Not Specified,13,101
"Echols County, Georgia",3512.0,0,White,13,101
"Echols County, Georgia",248.0,0,African American,13,101
"Echols County, Georgia",122.0,0,American Indian,13,101
"Echols County, Georgia",27.0,0,Asian,13,101
"Echols County, Georgia",10.0,0,Pacific Islander,13,101
"Echols County, Georgia",3595.0,0,White or Mixed,13,101
"Echols County, Georgia",276.0,0,African American or Mixed,13,101
"Echols County, Georgia",170.0,0,American Indian or Mixed,13,101
"Echols County, Georgia",43.0,0,Asian or Mixed,13,101
"Echols County, Georgia",11.0,0,Pacific Islander or Mixed,13,101
"Echols County, Georgia",6.0,1,American Indian,13,101
"Echols County, Georgia",210.0,1,Not Specified,13,101
"Echols County, Georgia",188.0,1,White,13,101
"Echols County, Georgia",5.0,1,African American,13,101
"Echols County, Georgia",6.0,1,Asian,13,101
"Echols County, Georgia",0.0,1,Pacific Islander,13,101
"Echols County, Georgia",5.0,1,Mixed,13,101
"Echols County, Georgia",192.0,1,White or Mixed,13,101
"Echols County, Georgia",8.0,1,African American or Mixed,13,101
"Echols County, Georgia",6.0,1,American Indian or Mixed,13,101
"Echols County, Georgia",9.0,1,Asian or Mixed,13,101
"Echols County, Georgia",0.0,1,Pacific Islander or Mixed,13,101
"Echols County, Georgia",8.0,2,American Indian,13,101
"Echols County, Georgia",354.0,2,Not Specified,13,101
"Echols County, Georgia",306.0,2,White,13,101
"Echols County, Georgia",31.0,2,African American,13,101
"Echols County, Georgia",1.0,2,Asian,13,101
"Baldwin County, Georgia",65.0,4,Asian,13,009
"Baldwin County, Georgia",4360.0,4,Not Specified,13,009
"Baldwin County, Georgia",2578.0,4,White,13,009
"Baldwin County, Georgia",1629.0,4,African American,13,009
"Baldwin County, Georgia",13.0,4,American Indian,13,009
"Baldwin County, Georgia",11.0,4,Pacific Islander,13,009
"Baldwin County, Georgia",64.0,4,Mixed,13,009
"Baldwin County, Georgia",2637.0,4,White or Mixed,13,009
"Baldwin County, Georgia",1663.0,4,African American or Mixed,13,009
"Baldwin County, Georgia",23.0,4,American Indian or Mixed,13,009
"Baldwin County, Georgia",80.0,4,Asian or Mixed,13,009
"Baldwin County, Georgia",21.0,4,Pacific Islander or Mixed,13,009
"Baldwin County, Georgia",8.0,5,American Indian,13,009
"Baldwin County, Georgia",5430.0,5,Not Specified,13,009
"Baldwin County, Georgia",3315.0,5,White,13,009
"Baldwin County, Georgia",1891.0,5,African American,13,009
"Baldwin County, Georgia",160.0,5,Asian,13,009
"Baldwin County, Georgia",6.0,5,Pacific Islander,13,009
"Baldwin County, Georgia",50.0,5,Mixed,13,009
"Baldwin County, Georgia",3358.0,5,White or Mixed,13,009
"Baldwin County, Georgia",1925.0,5,African American or Mixed,13,009
"Baldwin County, Georgia",2846.0,6,Not Specified,13,009
"Baldwin County, Georgia",16.0,5,American Indian or Mixed,13,009
"Baldwin County, Georgia",174.0,5,Asian or Mixed,13,009
"Baldwin County, Georgia",7.0,5,Pacific Islander or Mixed,13,009
"Baldwin County, Georgia",1335.0,6,White,13,009
"Baldwin County, Georgia",6.0,6,Pacific Islander,13,009
"Baldwin County, Georgia",1409.0,6,African American,13,009
"Baldwin County, Georgia",6.0,6,American Indian,13,009
"Baldwin County, Georgia",40.0,6,Asian,13,009
"Baldwin County, Georgia",50.0,6,Mixed,13,009
"Baldwin County, Georgia",1380.0,6,White or Mixed,13,009
"Baldwin County, Georgia",1437.0,6,African American or Mixed,13,009
"Baldwin County, Georgia",18.0,6,American Indian or Mixed,13,009
"Baldwin County, Georgia",55.0,6,Asian or Mixed,13,009
"Baldwin County, Georgia",9.0,6,Pacific Islander or Mixed,13,009
"Baldwin County, Georgia",5.0,7,American Indian,13,009
"Baldwin County, Georgia",2420.0,7,Not Specified,13,009
"Baldwin County, Georgia",1288.0,7,White,13,009
"Baldwin County, Georgia",1075.0,7,African American,13,009
"Baldwin County, Georgia",29.0,7,Asian,13,009
"Baldwin County, Georgia",2.0,7,Pacific Islander,13,009
"Baldwin County, Georgia",21.0,7,Mixed,13,009
"Baldwin County, Georgia",1308.0,7,White or Mixed,13,009
"Baldwin County, Georgia",1085.0,7,African American or Mixed,13,009
"Baldwin County, Georgia",11.0,7,American Indian or Mixed,13,009
"Baldwin County, Georgia",33.0,7,Asian or Mixed,13,009
"Baldwin County, Georgia",4.0,7,Pacific Islander or Mixed,13,009
"Baldwin County, Georgia",10.0,8,American Indian,13,009
"Baldwin County, Georgia",2452.0,8,Not Specified,13,009
"Baldwin County, Georgia",1135.0,8,White,13,009
"Baldwin County, Georgia",1236.0,8,African American,13,009
"Baldwin County, Georgia",43.0,8,Asian,13,009
"Baldwin County, Georgia",3.0,8,Pacific Islander,13,009
"Baldwin County, Georgia",25.0,8,Mixed,13,009
"Baldwin County, Georgia",1153.0,8,White or Mixed,13,009
"Baldwin County, Georgia",1247.0,8,African American or Mixed,13,009
"Baldwin County, Georgia",17.0,8,American Indian or Mixed,13,009
"Baldwin County, Georgia",53.0,8,Asian or Mixed,13,009
"Baldwin County, Georgia",7.0,8,Pacific Islander or Mixed,13,009
"Echols County, Georgia",1.0,2,Pacific Islander,13,101
"Echols County, Georgia",7.0,2,Mixed,13,101
"Echols County, Georgia",313.0,2,White or Mixed,13,101
"Echols County, Georgia",35.0,2,African American or Mixed,13,101
"Echols County, Georgia",10.0,2,American Indian or Mixed,13,101
"Echols County, Georgia",3.0,2,Asian or Mixed,13,101
"Echols County, Georgia",1.0,2,Pacific Islander or Mixed,13,101
"Echols County, Georgia",1.0,3,Asian,13,101
"Baldwin County, Georgia",2229.0,9,Not Specified,13,009
"Baldwin County, Georgia",1073.0,9,White,13,009
"Echols County, Georgia",314.0,3,Not Specified,13,101
"Echols County, Georgia",267.0,3,White,13,101
"Echols County, Georgia",21.0,3,African American,13,101
"Echols County, Georgia",18.0,3,American Indian,13,101
"Echols County, Georgia",1.0,3,Pacific Islander,13,101
"Echols County, Georgia",6.0,3,Mixed,13,101
"Echols County, Georgia",273.0,3,White or Mixed,13,101
"Echols County, Georgia",21.0,3,African American or Mixed,13,101
"Echols County, Georgia",22.0,3,American Indian or Mixed,13,101
"Echols County, Georgia",3.0,3,Asian or Mixed,13,101
"Echols County, Georgia",1.0,3,Pacific Islander or Mixed,13,101
"Echols County, Georgia",14.0,4,American Indian,13,101
"Echols County, Georgia",271.0,4,Not Specified,13,101
"Echols County, Georgia",228.0,4,White,13,101
"Echols County, Georgia",16.0,4,African American,13,101
"Echols County, Georgia",8.0,4,Asian,13,101
"Echols County, Georgia",17.0,4,African American or Mixed,13,101
"Echols County, Georgia",0.0,4,Pacific Islander,13,101
"Echols County, Georgia",5.0,4,Mixed,13,101
"Echols County, Georgia",233.0,4,White or Mixed,13,101
"Echols County, Georgia",15.0,4,American Indian or Mixed,13,101
"Echols County, Georgia",11.0,4,Asian or Mixed,13,101
"Echols County, Georgia",0.0,4,Pacific Islander or Mixed,13,101
"Echols County, Georgia",11.0,5,American Indian,13,101
"Echols County, Georgia",214.0,5,Not Specified,13,101
"Echols County, Georgia",187.0,5,White,13,101
"Echols County, Georgia",9.0,5,African American,13,101
"Echols County, Georgia",0.0,5,Asian,13,101
"Echols County, Georgia",0.0,5,Pacific Islander,13,101
"Echols County, Georgia",7.0,5,Mixed,13,101
"Echols County, Georgia",193.0,5,White or Mixed,13,101
"Echols County, Georgia",13.0,5,African American or Mixed,13,101
"Echols County, Georgia",15.0,5,American Indian or Mixed,13,101
"Echols County, Georgia",0.0,5,Asian or Mixed,13,101
"Echols County, Georgia",0.0,5,Pacific Islander or Mixed,13,101
"Echols County, Georgia",8.0,6,American Indian,13,101
"Echols County, Georgia",250.0,6,Not Specified,13,101
"Echols County, Georgia",212.0,6,White,13,101
"Echols County, Georgia",19.0,6,African American,13,101
"Echols County, Georgia",1.0,6,Asian,13,101
"Echols County, Georgia",1.0,6,Pacific Islander,13,101
"Echols County, Georgia",9.0,6,Mixed,13,101
"Echols County, Georgia",221.0,6,White or Mixed,13,101
"Echols County, Georgia",23.0,6,African American or Mixed,13,101
"Echols County, Georgia",14.0,6,American Indian or Mixed,13,101
"Echols County, Georgia",1.0,6,Asian or Mixed,13,101
"Echols County, Georgia",1.0,6,Pacific Islander or Mixed,13,101
"Echols County, Georgia",5.0,7,American Indian,13,101
"Echols County, Georgia",332.0,7,Not Specified,13,101
"Echols County, Georgia",305.0,7,White,13,101
"Echols County, Georgia",17.0,7,African American,13,101
"Echols County, Georgia",1.0,7,Asian,13,101
"Echols County, Georgia",3.0,7,Pacific Islander,13,101
"Echols County, Georgia",1.0,7,Mixed,13,101
"Baldwin County, Georgia",1081.0,9,African American,13,009
"Baldwin County, Georgia",21.0,9,American Indian,13,009
"Baldwin County, Georgia",41.0,9,Asian,13,009
"Baldwin County, Georgia",2.0,9,Pacific Islander,13,009
"Baldwin County, Georgia",11.0,9,Mixed,13,009
"Baldwin County, Georgia",1082.0,9,White or Mixed,13,009
"Baldwin County, Georgia",1088.0,9,African American or Mixed,13,009
"Baldwin County, Georgia",24.0,9,American Indian or Mixed,13,009
"Baldwin County, Georgia",1175.0,10,African American,13,009
"Baldwin County, Georgia",43.0,9,Asian or Mixed,13,009
"Baldwin County, Georgia",4.0,9,Pacific Islander or Mixed,13,009
"Baldwin County, Georgia",2458.0,10,Not Specified,13,009
"Baldwin County, Georgia",1222.0,10,White,13,009
"Baldwin County, Georgia",20.0,10,Mixed,13,009
"Baldwin County, Georgia",5.0,10,American Indian,13,009
"Baldwin County, Georgia",36.0,10,Asian,13,009
"Baldwin County, Georgia",0.0,10,Pacific Islander,13,009
"Baldwin County, Georgia",1240.0,10,White or Mixed,13,009
"Baldwin County, Georgia",1182.0,10,African American or Mixed,13,009
"Baldwin County, Georgia",14.0,10,American Indian or Mixed,13,009
"Baldwin County, Georgia",43.0,10,Asian or Mixed,13,009
"Baldwin County, Georgia",1.0,10,Pacific Islander or Mixed,13,009
"Baldwin County, Georgia",9.0,11,American Indian,13,009
"Baldwin County, Georgia",2631.0,11,Not Specified,13,009
"Baldwin County, Georgia",1362.0,11,White,13,009
"Baldwin County, Georgia",1218.0,11,African American,13,009
"Baldwin County, Georgia",29.0,11,Asian,13,009
"Baldwin County, Georgia",1.0,11,Pacific Islander,13,009
"Baldwin County, Georgia",12.0,11,Mixed,13,009
"Baldwin County, Georgia",1372.0,11,White or Mixed,13,009
"Baldwin County, Georgia",1225.0,11,African American or Mixed,13,009
"Baldwin County, Georgia",13.0,11,American Indian or Mixed,13,009
"Baldwin County, Georgia",31.0,11,Asian or Mixed,13,009
"Baldwin County, Georgia",3.0,11,Pacific Islander or Mixed,13,009
"Baldwin County, Georgia",9.0,12,American Indian,13,009
"Baldwin County, Georgia",2925.0,12,Not Specified,13,009
"Baldwin County, Georgia",1554.0,12,White,13,009
"Baldwin County, Georgia",1304.0,12,African American,13,009
"Baldwin County, Georgia",43.0,12,Asian,13,009
"Baldwin County, Georgia",1.0,12,Pacific Islander,13,009
"Baldwin County, Georgia",14.0,12,Mixed,13,009
"Baldwin County, Georgia",1567.0,12,White or Mixed,13,009
"Baldwin County, Georgia",1309.0,12,African American or Mixed,13,009
"Baldwin County, Georgia",14.0,12,American Indian or Mixed,13,009
"Baldwin County, Georgia",49.0,12,Asian or Mixed,13,009
"Baldwin County, Georgia",1.0,12,Pacific Islander or Mixed,13,009
"Baldwin County, Georgia",4.0,13,American Indian,13,009
"Baldwin County, Georgia",2863.0,13,Not Specified,13,009
"Baldwin County, Georgia",1638.0,13,White,13,009
"Baldwin County, Georgia",1132.0,13,African American,13,009
"Baldwin County, Georgia",71.0,13,Asian,13,009
"Baldwin County, Georgia",1.0,13,Pacific Islander,13,009
"Baldwin County, Georgia",17.0,13,Mixed,13,009
"Baldwin County, Georgia",1650.0,13,White or Mixed,13,009
"Baldwin County, Georgia",1138.0,13,African American or Mixed,13,009
"Baldwin County, Georgia",17.0,13,American Indian or Mixed,13,009
"Baldwin County, Georgia",75.0,13,Asian or Mixed,13,009
"Baldwin County, Georgia",888.0,14,African American,13,009
"Baldwin County, Georgia",2.0,13,Pacific Islander or Mixed,13,009
"Baldwin County, Georgia",2452.0,14,Not Specified,13,009
"Baldwin County, Georgia",1470.0,14,White,13,009
"Baldwin County, Georgia",9.0,14,American Indian,13,009
"Echols County, Georgia",306.0,7,White or Mixed,13,101
"Echols County, Georgia",17.0,7,African American or Mixed,13,101
"Echols County, Georgia",5.0,7,American Indian or Mixed,13,101
"Echols County, Georgia",2.0,7,Asian or Mixed,13,101
"Echols County, Georgia",3.0,7,Pacific Islander or Mixed,13,101
"Echols County, Georgia",4.0,8,Asian,13,101
"Echols County, Georgia",252.0,8,Not Specified,13,101
"Echols County, Georgia",226.0,8,White,13,101
"Echols County, Georgia",8.0,8,African American,13,101
"Echols County, Georgia",8.0,8,American Indian,13,101
"Echols County, Georgia",2.0,8,Pacific Islander,13,101
"Echols County, Georgia",4.0,8,Mixed,13,101
"Echols County, Georgia",230.0,8,White or Mixed,13,101
"Echols County, Georgia",2.0,8,Pacific Islander or Mixed,13,101
"Echols County, Georgia",9.0,8,African American or Mixed,13,101
"Echols County, Georgia",11.0,8,American Indian or Mixed,13,101
"Echols County, Georgia",4.0,8,Asian or Mixed,13,101
"Echols County, Georgia",289.0,9,Not Specified,13,101
"Echols County, Georgia",0.0,9,Asian,13,101
"Echols County, Georgia",251.0,9,White,13,101
"Echols County, Georgia",24.0,9,African American,13,101
"Echols County, Georgia",7.0,9,American Indian,13,101
"Echols County, Georgia",1.0,9,Pacific Islander,13,101
"Echols County, Georgia",6.0,9,Mixed,13,101
"Echols County, Georgia",257.0,9,White or Mixed,13,101
"Echols County, Georgia",27.0,9,African American or Mixed,13,101
"Echols County, Georgia",10.0,9,American Indian or Mixed,13,101
"Echols County, Georgia",0.0,9,Asian or Mixed,13,101
"Echols County, Georgia",1.0,9,Pacific Islander or Mixed,13,101
"Echols County, Georgia",13.0,10,American Indian,13,101
"Echols County, Georgia",268.0,10,Not Specified,13,101
"Echols County, Georgia",241.0,10,White,13,101
"Echols County, Georgia",10.0,10,African American,13,101
"Echols County, Georgia",1.0,10,Asian,13,101
"Echols County, Georgia",1.0,10,Pacific Islander,13,101
"Echols County, Georgia",2.0,10,Mixed,13,101
"Echols County, Georgia",242.0,10,White or Mixed,13,101
"Echols County, Georgia",11.0,10,African American or Mixed,13,101
"Echols County, Georgia",13.0,10,American Indian or Mixed,13,101
"Echols County, Georgia",2.0,10,Asian or Mixed,13,101
"Echols County, Georgia",2.0,10,Pacific Islander or Mixed,13,101
"Echols County, Georgia",5.0,11,American Indian,13,101
"Echols County, Georgia",211.0,11,Not Specified,13,101
"Echols County, Georgia",186.0,11,White,13,101
"Echols County, Georgia",15.0,11,African American,13,101
"Echols County, Georgia",0.0,11,Asian,13,101
"Echols County, Georgia",0.0,11,Pacific Islander,13,101
"Echols County, Georgia",5.0,11,Mixed,13,101
"Echols County, Georgia",191.0,11,White or Mixed,13,101
"Echols County, Georgia",17.0,11,African American or Mixed,13,101
"Echols County, Georgia",7.0,11,American Indian or Mixed,13,101
"Echols County, Georgia",1.0,11,Asian or Mixed,13,101
"Echols County, Georgia",0.0,11,Pacific Islander or Mixed,13,101
"Echols County, Georgia",1.0,12,American Indian,13,101
"Echols County, Georgia",267.0,12,Not Specified,13,101
"Echols County, Georgia",250.0,12,White,13,101
"Echols County, Georgia",13.0,12,African American,13,101
"Echols County, Georgia",1.0,12,Asian,13,101
"Echols County, Georgia",0.0,12,Pacific Islander,13,101
"Echols County, Georgia",2.0,12,Mixed,13,101
"Echols County, Georgia",252.0,12,White or Mixed,13,101
"Echols County, Georgia",13.0,12,African American or Mixed,13,101
"Baldwin County, Georgia",891.0,14,African American or Mixed,13,009
"Baldwin County, Georgia",71.0,14,Asian,13,009
"Baldwin County, Georgia",0.0,14,Pacific Islander,13,009
"Baldwin County, Georgia",14.0,14,Mixed,13,009
"Baldwin County, Georgia",1481.0,14,White or Mixed,13,009
"Baldwin County, Georgia",17.0,14,American Indian or Mixed,13,009
"Baldwin County, Georgia",77.0,14,Asian or Mixed,13,009
"Baldwin County, Georgia",0.0,14,Pacific Islander or Mixed,13,009
"Baldwin County, Georgia",10.0,15,American Indian,13,009
"Baldwin County, Georgia",2008.0,15,Not Specified,13,009
"Baldwin County, Georgia",1318.0,15,White,13,009
"Baldwin County, Georgia",646.0,15,African American,13,009
"Baldwin County, Georgia",22.0,15,Asian,13,009
"Baldwin County, Georgia",0.0,15,Pacific Islander,13,009
"Baldwin County, Georgia",12.0,15,Mixed,13,009
"Baldwin County, Georgia",1330.0,15,White or Mixed,13,009
"Baldwin County, Georgia",647.0,15,African American or Mixed,13,009
"Baldwin County, Georgia",18.0,15,American Indian or Mixed,13,009
"Baldwin County, Georgia",25.0,15,Asian or Mixed,13,009
"Baldwin County, Georgia",0.0,15,Pacific Islander or Mixed,13,009
"Baldwin County, Georgia",5.0,16,American Indian,13,009
"Baldwin County, Georgia",1333.0,16,Not Specified,13,009
"Baldwin County, Georgia",898.0,16,White,13,009
"Baldwin County, Georgia",404.0,16,African American,13,009
"Baldwin County, Georgia",16.0,16,Asian,13,009
"Baldwin County, Georgia",0.0,16,Pacific Islander,13,009
"Baldwin County, Georgia",10.0,16,Mixed,13,009
"Baldwin County, Georgia",908.0,16,White or Mixed,13,009
"Baldwin County, Georgia",407.0,16,African American or Mixed,13,009
"Baldwin County, Georgia",11.0,16,American Indian or Mixed,13,009
"Baldwin County, Georgia",17.0,16,Asian or Mixed,13,009
"Baldwin County, Georgia",0.0,16,Pacific Islander or Mixed,13,009
"Baldwin County, Georgia",6.0,17,American Indian,13,009
"Baldwin County, Georgia",863.0,17,Not Specified,13,009
"Baldwin County, Georgia",590.0,17,White,13,009
"Baldwin County, Georgia",248.0,17,African American,13,009
"Baldwin County, Georgia",14.0,17,Asian,13,009
"Baldwin County, Georgia",0.0,17,Pacific Islander,13,009
"Baldwin County, Georgia",5.0,17,Mixed,13,009
"Baldwin County, Georgia",595.0,17,White or Mixed,13,009
"Baldwin County, Georgia",250.0,17,African American or Mixed,13,009
"Baldwin County, Georgia",8.0,17,American Indian or Mixed,13,009
"Baldwin County, Georgia",15.0,17,Asian or Mixed,13,009
"Baldwin County, Georgia",0.0,17,Pacific Islander or Mixed,13,009
"Baldwin County, Georgia",4.0,18,American Indian,13,009
"Baldwin County, Georgia",742.0,18,Not Specified,13,009
"Baldwin County, Georgia",489.0,18,White,13,009
"Baldwin County, Georgia",239.0,18,African American,13,009
"Baldwin County, Georgia",5.0,18,Asian,13,009
"Baldwin County, Georgia",0.0,18,Pacific Islander,13,009
"Baldwin County, Georgia",7.0,18,American Indian or Mixed,13,009
"Baldwin County, Georgia",5.0,18,Mixed,13,009
"Baldwin County, Georgia",492.0,18,White or Mixed,13,009
"Baldwin County, Georgia",242.0,18,African American or Mixed,13,009
"Baldwin County, Georgia",6.0,18,Asian or Mixed,13,009
"Baldwin County, Georgia",0.0,18,Pacific Islander or Mixed,13,009
"Baldwin County, Georgia",29204.0,22,Not Specified,13,009
"Baldwin County, Georgia",8288.0,19,Not Specified,13,009
"Baldwin County, Georgia",4262.0,20,Not Specified,13,009
"Baldwin County, Georgia",1913.0,21,Not Specified,13,009
"Baldwin County, Georgia",8380.0,23,Not Specified,13,009
"Baldwin County, Georgia",9947.0,24,Not Specified,13,009
"Baldwin County, Georgia",10877.0,25,Not Specified,13,009
"Baldwin County, Georgia",7398.0,26,Not Specified,13,009
"Baldwin County, Georgia",742.0,27,Not Specified,13,009
"Baldwin County, Georgia",37528.0,28,Not Specified,13,009
"Baldwin County, Georgia",36602.0,29,Not Specified,13,009
"Baldwin County, Georgia",19737.0,30,Not Specified,13,009
"Baldwin County, Georgia",36.1,31,Not Specified,13,009
"Echols County, Georgia",2.0,12,American Indian or Mixed,13,101
"Echols County, Georgia",187.0,13,White,13,101
"Echols County, Georgia",2.0,12,Asian or Mixed,13,101
"Echols County, Georgia",0.0,12,Pacific Islander or Mixed,13,101
"Echols County, Georgia",221.0,13,Not Specified,13,101
"Echols County, Georgia",18.0,13,African American,13,101
"Echols County, Georgia",8.0,13,Mixed,13,101
"Echols County, Georgia",7.0,13,American Indian,13,101
"Echols County, Georgia",1.0,13,Asian,13,101
"Echols County, Georgia",0.0,13,Pacific Islander,13,101
"Echols County, Georgia",195.0,13,White or Mixed,13,101
"Echols County, Georgia",20.0,13,African American or Mixed,13,101
"Echols County, Georgia",12.0,13,American Indian or Mixed,13,101
"Echols County, Georgia",2.0,13,Asian or Mixed,13,101
"Echols County, Georgia",0.0,13,Pacific Islander or Mixed,13,101
"Echols County, Georgia",7.0,14,American Indian,13,101
"Echols County, Georgia",188.0,14,Not Specified,13,101
"Echols County, Georgia",161.0,14,White,13,101
"Echols County, Georgia",15.0,14,African American,13,101
"Echols County, Georgia",0.0,14,Asian,13,101
"Echols County, Georgia",0.0,14,Pacific Islander,13,101
"Echols County, Georgia",5.0,14,Mixed,13,101
"Echols County, Georgia",166.0,14,White or Mixed,13,101
"Echols County, Georgia",16.0,14,African American or Mixed,13,101
"Echols County, Georgia",10.0,14,American Indian or Mixed,13,101
"Echols County, Georgia",1.0,14,Asian or Mixed,13,101
"Echols County, Georgia",0.0,14,Pacific Islander or Mixed,13,101
"Echols County, Georgia",3.0,15,American Indian,13,101
"Echols County, Georgia",142.0,15,Not Specified,13,101
"Echols County, Georgia",120.0,15,White,13,101
"Echols County, Georgia",14.0,15,African American,13,101
"Echols County, Georgia",1.0,15,Asian,13,101
"Echols County, Georgia",0.0,15,Pacific Islander,13,101
"Echols County, Georgia",4.0,15,Mixed,13,101
"Echols County, Georgia",124.0,15,White or Mixed,13,101
"Echols County, Georgia",15.0,15,African American or Mixed,13,101
"Echols County, Georgia",6.0,15,American Indian or Mixed,13,101
"Echols County, Georgia",1.0,15,Asian or Mixed,13,101
"Echols County, Georgia",0.0,15,Pacific Islander or Mixed,13,101
"Echols County, Georgia",0.0,16,American Indian,13,101
"Echols County, Georgia",77.0,16,Not Specified,13,101
"Echols County, Georgia",73.0,16,White,13,101
"Echols County, Georgia",2.0,16,African American,13,101
"Echols County, Georgia",0.0,16,Asian,13,101
"Echols County, Georgia",0.0,16,Pacific Islander,13,101
"Echols County, Georgia",2.0,16,Mixed,13,101
"Echols County, Georgia",74.0,16,White or Mixed,13,101
"Echols County, Georgia",3.0,16,African American or Mixed,13,101
"Echols County, Georgia",2.0,16,American Indian or Mixed,13,101
"Echols County, Georgia",0.0,16,Asian or Mixed,13,101
"Echols County, Georgia",0.0,16,Pacific Islander or Mixed,13,101
"Echols County, Georgia",1.0,17,American Indian,13,101
"Echols County, Georgia",78.0,17,Not Specified,13,101
"Echols County, Georgia",69.0,17,White,13,101
"Echols County, Georgia",4.0,17,African American,13,101
"Echols County, Georgia",0.0,17,Asian,13,101
"Echols County, Georgia",0.0,17,Pacific Islander,13,101
"Echols County, Georgia",5.0,17,American Indian or Mixed,13,101
"Echols County, Georgia",4.0,17,Mixed,13,101
"Echols County, Georgia",73.0,17,White or Mixed,13,101
"Echols County, Georgia",4.0,17,African American or Mixed,13,101
"Echols County, Georgia",0.0,17,Asian or Mixed,13,101
"Lowndes County, Georgia",2550.0,0,Asian,13,185
"Lowndes County, Georgia",117406.0,0,Not Specified,13,185
"Lowndes County, Georgia",67569.0,0,White,13,185
"Lowndes County, Georgia",43896.0,0,African American,13,185
"Lowndes County, Georgia",544.0,0,American Indian,13,185
"Lowndes County, Georgia",189.0,0,Pacific Islander,13,185
"Lowndes County, Georgia",1252.0,0,American Indian or Mixed,13,185
"Lowndes County, Georgia",2658.0,0,Mixed,13,185
"Lowndes County, Georgia",69842.0,0,White or Mixed,13,185
"Lowndes County, Georgia",45475.0,0,African American or Mixed,13,185
"Lowndes County, Georgia",3465.0,0,Asian or Mixed,13,185
"Lowndes County, Georgia",370.0,0,Pacific Islander or Mixed,13,185
"Lowndes County, Georgia",30.0,1,American Indian,13,185
"Lowndes County, Georgia",8014.0,1,Not Specified,13,185
"Lowndes County, Georgia",4298.0,1,White,13,185
"Lowndes County, Georgia",3129.0,1,African American,13,185
"Lowndes County, Georgia",155.0,1,Asian,13,185
"Lowndes County, Georgia",14.0,1,Pacific Islander,13,185
"Lowndes County, Georgia",388.0,1,Mixed,13,185
"Lowndes County, Georgia",4646.0,1,White or Mixed,13,185
"Lowndes County, Georgia",3391.0,1,African American or Mixed,13,185
"Lowndes County, Georgia",85.0,1,American Indian or Mixed,13,185
"Lowndes County, Georgia",288.0,1,Asian or Mixed,13,185
"Lowndes County, Georgia",34.0,1,Pacific Islander or Mixed,13,185
"Lowndes County, Georgia",22.0,2,American Indian,13,185
"Lowndes County, Georgia",8037.0,2,Not Specified,13,185
"Lowndes County, Georgia",4148.0,2,White,13,185
"Lowndes County, Georgia",3367.0,2,African American,13,185
"Lowndes County, Georgia",112.0,2,Asian,13,185
"Lowndes County, Georgia",14.0,2,Pacific Islander,13,185
"Lowndes County, Georgia",374.0,2,Mixed,13,185
"Lowndes County, Georgia",4488.0,2,White or Mixed,13,185
"Lowndes County, Georgia",3613.0,2,African American or Mixed,13,185
"Lowndes County, Georgia",76.0,2,American Indian or Mixed,13,185
"Lowndes County, Georgia",237.0,2,Asian or Mixed,13,185
"Lowndes County, Georgia",36.0,2,Pacific Islander or Mixed,13,185
"Echols County, Georgia",0.0,17,Pacific Islander or Mixed,13,101
"Echols County, Georgia",0.0,18,American Indian,13,101
"Lowndes County, Georgia",7997.0,3,Not Specified,13,185
"Lowndes County, Georgia",4011.0,3,White,13,185
"Lowndes County, Georgia",3456.0,3,African American,13,185
"Echols County, Georgia",68.0,18,Not Specified,13,101
"Echols County, Georgia",55.0,18,White,13,101
"Echols County, Georgia",7.0,18,African American,13,101
"Echols County, Georgia",1.0,18,Asian,13,101
"Echols County, Georgia",0.0,18,Pacific Islander,13,101
"Echols County, Georgia",5.0,18,Mixed,13,101
"Echols County, Georgia",60.0,18,White or Mixed,13,101
"Echols County, Georgia",7.0,18,African American or Mixed,13,101
"Echols County, Georgia",5.0,18,American Indian or Mixed,13,101
"Echols County, Georgia",1.0,18,Asian or Mixed,13,101
"Echols County, Georgia",0.0,18,Pacific Islander or Mixed,13,101
"Echols County, Georgia",2410.0,22,Not Specified,13,101
"Echols County, Georgia",1043.0,19,Not Specified,13,101
"Echols County, Georgia",618.0,20,Not Specified,13,101
"Echols County, Georgia",215.0,21,Not Specified,13,101
"Echols County, Georgia",320.0,23,Not Specified,13,101
"Echols County, Georgia",1123.0,24,Not Specified,13,101
"Echols County, Georgia",967.0,25,Not Specified,13,101
"Echols County, Georgia",553.0,26,Not Specified,13,101
"Echols County, Georgia",68.0,27,Not Specified,13,101
"Echols County, Georgia",3066.0,28,Not Specified,13,101
"Echols County, Georgia",2963.0,29,Not Specified,13,101
"Echols County, Georgia",1608.0,30,Not Specified,13,101
"Echols County, Georgia",35.9,31,Not Specified,13,101
"Lowndes County, Georgia",40.0,3,American Indian,13,185
"Lowndes County, Georgia",151.0,3,Asian,13,185
"Lowndes County, Georgia",14.0,3,Pacific Islander,13,185
"Lowndes County, Georgia",325.0,3,Mixed,13,185
"Lowndes County, Georgia",4294.0,3,White or Mixed,13,185
"Lowndes County, Georgia",3674.0,3,African American or Mixed,13,185
"Lowndes County, Georgia",106.0,3,American Indian or Mixed,13,185
"Lowndes County, Georgia",259.0,3,Asian or Mixed,13,185
"Lowndes County, Georgia",33.0,3,Pacific Islander or Mixed,13,185
"Lowndes County, Georgia",41.0,4,American Indian,13,185
"Lowndes County, Georgia",9338.0,4,Not Specified,13,185
"Lowndes County, Georgia",4788.0,4,White,13,185
"Lowndes County, Georgia",4062.0,4,African American,13,185
"Lowndes County, Georgia",212.0,4,Asian,13,185
"Lowndes County, Georgia",15.0,4,Pacific Islander,13,185
"Lowndes County, Georgia",220.0,4,Mixed,13,185
"Lowndes County, Georgia",291.0,4,Asian or Mixed,13,185
"Lowndes County, Georgia",4976.0,4,White or Mixed,13,185
"Lowndes County, Georgia",4200.0,4,African American or Mixed,13,185
"Lowndes County, Georgia",90.0,4,American Indian or Mixed,13,185
"Lowndes County, Georgia",34.0,4,Pacific Islander or Mixed,13,185
"Lowndes County, Georgia",45.0,5,American Indian,13,185
"Lowndes County, Georgia",14158.0,5,Not Specified,13,185
"Lowndes County, Georgia",7963.0,5,White,13,185
"Lowndes County, Georgia",5493.0,5,African American,13,185
"Lowndes County, Georgia",245.0,5,Asian,13,185
"Lowndes County, Georgia",15.0,5,Pacific Islander,13,185
"Lowndes County, Georgia",397.0,5,Mixed,13,185
"Lowndes County, Georgia",8299.0,5,White or Mixed,13,185
"Lowndes County, Georgia",5748.0,5,African American or Mixed,13,185
"Lowndes County, Georgia",140.0,5,American Indian or Mixed,13,185
"Lowndes County, Georgia",379.0,5,Asian or Mixed,13,185
"Lowndes County, Georgia",40.0,5,Pacific Islander or Mixed,13,185
"Lowndes County, Georgia",52.0,6,American Indian,13,185
"Lowndes County, Georgia",9783.0,6,Not Specified,13,185
"Lowndes County, Georgia",5302.0,6,White,13,185
"Lowndes County, Georgia",3991.0,6,African American,13,185
"Lowndes County, Georgia",197.0,6,Asian,13,185
"Lowndes County, Georgia",22.0,6,Pacific Islander,13,185
"Lowndes County, Georgia",219.0,6,Mixed,13,185
"Lowndes County, Georgia",5482.0,6,White or Mixed,13,185
"Lowndes County, Georgia",4110.0,6,African American or Mixed,13,185
"Lowndes County, Georgia",114.0,6,American Indian or Mixed,13,185
"Lowndes County, Georgia",280.0,6,Asian or Mixed,13,185
"Lowndes County, Georgia",38.0,6,Pacific Islander or Mixed,13,185
"Lowndes County, Georgia",41.0,7,American Indian,13,185
"Lowndes County, Georgia",7999.0,7,Not Specified,13,185
"Lowndes County, Georgia",4645.0,7,White,13,185
"Lowndes County, Georgia",2911.0,7,African American,13,185
"Lowndes County, Georgia",207.0,7,Asian,13,185
"Lowndes County, Georgia",11.0,7,Pacific Islander,13,185
"Lowndes County, Georgia",184.0,7,Mixed,13,185
"Lowndes County, Georgia",4798.0,7,White or Mixed,13,185
"Lowndes County, Georgia",3008.0,7,African American or Mixed,13,185
"Lowndes County, Georgia",94.0,7,American Indian or Mixed,13,185
"Lowndes County, Georgia",283.0,7,Asian or Mixed,13,185
"Lowndes County, Georgia",25.0,7,Pacific Islander or Mixed,13,185
"Lowndes County, Georgia",44.0,8,American Indian,13,185
"Lowndes County, Georgia",7247.0,8,Not Specified,13,185
"Lowndes County, Georgia",4252.0,8,White,13,185
"Lowndes County, Georgia",2652.0,8,African American,13,185
"Lowndes County, Georgia",192.0,8,Asian,13,185
"Lowndes County, Georgia",14.0,8,Pacific Islander,13,185
"Lowndes County, Georgia",93.0,8,Mixed,13,185
"Lowndes County, Georgia",4327.0,8,White or Mixed,13,185
"Lowndes County, Georgia",22.0,8,Pacific Islander or Mixed,13,185
"Lowndes County, Georgia",2705.0,8,African American or Mixed,13,185
"Lowndes County, Georgia",78.0,8,American Indian or Mixed,13,185
"Lowndes County, Georgia",224.0,8,Asian or Mixed,13,185
"Lowndes County, Georgia",6114.0,9,Not Specified,13,185
"Lowndes County, Georgia",221.0,9,Asian,13,185
"Lowndes County, Georgia",3534.0,9,White,13,185
"Lowndes County, Georgia",2180.0,9,African American,13,185
"Lowndes County, Georgia",43.0,9,American Indian,13,185
"Lowndes County, Georgia",15.0,9,Pacific Islander,13,185
"Lowndes County, Georgia",121.0,9,Mixed,13,185
"Lowndes County, Georgia",3634.0,9,White or Mixed,13,185
"Lowndes County, Georgia",2237.0,9,African American or Mixed,13,185
"Lowndes County, Georgia",86.0,9,American Indian or Mixed,13,185
"Lowndes County, Georgia",264.0,9,Asian or Mixed,13,185
"Lowndes County, Georgia",23.0,9,Pacific Islander or Mixed,13,185
"Lowndes County, Georgia",24.0,10,American Indian,13,185
"Lowndes County, Georgia",6041.0,10,Not Specified,13,185
"Lowndes County, Georgia",3726.0,10,White,13,185
"Lowndes County, Georgia",2090.0,10,African American,13,185
"Lowndes County, Georgia",119.0,10,Asian,13,185
"Lowndes County, Georgia",10.0,10,Pacific Islander,13,185
"Lowndes County, Georgia",72.0,10,Mixed,13,185
"Lowndes County, Georgia",3793.0,10,White or Mixed,13,185
"Lowndes County, Georgia",2113.0,10,African American or Mixed,13,185
"Lowndes County, Georgia",54.0,10,American Indian or Mixed,13,185
"Lowndes County, Georgia",145.0,10,Asian or Mixed,13,185
"Lowndes County, Georgia",16.0,10,Pacific Islander or Mixed,13,185
"Lowndes County, Georgia",29.0,11,American Indian,13,185
"Lowndes County, Georgia",5833.0,11,Not Specified,13,185
"Lowndes County, Georgia",3623.0,11,White,13,185
"Lowndes County, Georgia",2011.0,11,African American,13,185
"Lowndes County, Georgia",105.0,11,Asian,13,185
"Lowndes County, Georgia",16.0,11,Pacific Islander,13,185
"Lowndes County, Georgia",49.0,11,Mixed,13,185
"Lowndes County, Georgia",3659.0,11,White or Mixed,13,185
"Lowndes County, Georgia",2031.0,11,African American or Mixed,13,185
"Lowndes County, Georgia",55.0,11,American Indian or Mixed,13,185
"Lowndes County, Georgia",121.0,11,Asian or Mixed,13,185
"Lowndes County, Georgia",19.0,11,Pacific Islander or Mixed,13,185
"Lowndes County, Georgia",39.0,12,American Indian,13,185
"Lowndes County, Georgia",6360.0,12,Not Specified,13,185
"Lowndes County, Georgia",3880.0,12,White,13,185
"Lowndes County, Georgia",2276.0,12,African American,13,185
"Lowndes County, Georgia",102.0,12,Asian,13,185
"Lowndes County, Georgia",6.0,12,Pacific Islander,13,185
"Lowndes County, Georgia",57.0,12,Mixed,13,185
"Lowndes County, Georgia",3924.0,12,White or Mixed,13,185
"Lowndes County, Georgia",2297.0,12,African American or Mixed,13,185
"Lowndes County, Georgia",5691.0,13,Not Specified,13,185
"Lowndes County, Georgia",74.0,12,American Indian or Mixed,13,185
"Lowndes County, Georgia",121.0,12,Asian or Mixed,13,185
"Lowndes County, Georgia",15.0,12,Pacific Islander or Mixed,13,185
"Lowndes County, Georgia",3496.0,13,White,13,185
"Lowndes County, Georgia",9.0,13,Pacific Islander,13,185
"Lowndes County, Georgia",1897.0,13,African American,13,185
"Lowndes County, Georgia",31.0,13,American Indian,13,185
"Lowndes County, Georgia",200.0,13,Asian,13,185
"Lowndes County, Georgia",58.0,13,Mixed,13,185
"Lowndes County, Georgia",3544.0,13,White or Mixed,13,185
"Lowndes County, Georgia",1919.0,13,African American or Mixed,13,185
"Lowndes County, Georgia",69.0,13,American Indian or Mixed,13,185
"Lowndes County, Georgia",218.0,13,Asian or Mixed,13,185
"Lowndes County, Georgia",13.0,13,Pacific Islander or Mixed,13,185
"Lowndes County, Georgia",26.0,14,American Indian,13,185
"Lowndes County, Georgia",4866.0,14,Not Specified,13,185
"Lowndes County, Georgia",2956.0,14,White,13,185
"Lowndes County, Georgia",1681.0,14,African American,13,185
"Lowndes County, Georgia",174.0,14,Asian,13,185
"Lowndes County, Georgia",4.0,14,Pacific Islander,13,185
"Lowndes County, Georgia",25.0,14,Mixed,13,185
"Lowndes County, Georgia",2977.0,14,White or Mixed,13,185
"Lowndes County, Georgia",1697.0,14,African American or Mixed,13,185
"Lowndes County, Georgia",44.0,14,American Indian or Mixed,13,185
"Lowndes County, Georgia",178.0,14,Asian or Mixed,13,185
"Lowndes County, Georgia",4.0,14,Pacific Islander or Mixed,13,185
"Lowndes County, Georgia",16.0,15,American Indian,13,185
"Lowndes County, Georgia",3946.0,15,Not Specified,13,185
"Lowndes County, Georgia",2651.0,15,White,13,185
"Lowndes County, Georgia",1169.0,15,African American,13,185
"Lowndes County, Georgia",71.0,15,Asian,13,185
"Lowndes County, Georgia",2.0,15,Pacific Islander,13,185
"Lowndes County, Georgia",37.0,15,Mixed,13,185
"Lowndes County, Georgia",2678.0,15,White or Mixed,13,185
"Lowndes County, Georgia",1184.0,15,African American or Mixed,13,185
"Lowndes County, Georgia",41.0,15,American Indian or Mixed,13,185
"Lowndes County, Georgia",80.0,15,Asian or Mixed,13,185
"Lowndes County, Georgia",5.0,15,Pacific Islander or Mixed,13,185
"Lowndes County, Georgia",15.0,16,American Indian,13,185
"Lowndes County, Georgia",2679.0,16,Not Specified,13,185
"Lowndes County, Georgia",1954.0,16,White,13,185
"Lowndes County, Georgia",657.0,16,African American,13,185
"Lowndes County, Georgia",29.0,16,Asian,13,185
"Lowndes County, Georgia",5.0,16,Pacific Islander,13,185
"Lowndes County, Georgia",19.0,16,Mixed,13,185
"Lowndes County, Georgia",1967.0,16,White or Mixed,13,185
"Lowndes County, Georgia",664.0,16,African American or Mixed,13,185
"Lowndes County, Georgia",28.0,16,American Indian or Mixed,13,185
"Lowndes County, Georgia",1248.0,17,White,13,185
"Lowndes County, Georgia",35.0,16,Asian or Mixed,13,185
"Lowndes County, Georgia",8.0,16,Pacific Islander or Mixed,13,185
"Lowndes County, Georgia",1752.0,17,Not Specified,13,185
"Lowndes County, Georgia",450.0,17,African American,13,185
"Lowndes County, Georgia",13.0,17,Mixed,13,185
"Lowndes County, Georgia",4.0,17,American Indian,13,185
"Lowndes County, Georgia",35.0,17,Asian,13,185
"Lowndes County, Georgia",2.0,17,Pacific Islander,13,185
"Lowndes County, Georgia",1258.0,17,White or Mixed,13,185
"Lowndes County, Georgia",456.0,17,African American or Mixed,13,185
"Lowndes County, Georgia",11.0,17,American Indian or Mixed,13,185
"Lowndes County, Georgia",38.0,17,Asian or Mixed,13,185
"Lowndes County, Georgia",4.0,17,Pacific Islander or Mixed,13,185
"Lowndes County, Georgia",2.0,18,American Indian,13,185
"Lowndes County, Georgia",1551.0,18,Not Specified,13,185
"Lowndes County, Georgia",1094.0,18,White,13,185
"Lowndes County, Georgia",424.0,18,African American,13,185
"Lowndes County, Georgia",23.0,18,Asian,13,185
"Lowndes County, Georgia",1.0,18,Pacific Islander,13,185
"Lowndes County, Georgia",7.0,18,Mixed,13,185
"Lowndes County, Georgia",1098.0,18,White or Mixed,13,185
"Lowndes County, Georgia",428.0,18,African American or Mixed,13,185
"Lowndes County, Georgia",7.0,18,American Indian or Mixed,13,185
"Lowndes County, Georgia",24.0,18,Asian or Mixed,13,185
"Lowndes County, Georgia",1.0,18,Pacific Islander or Mixed,13,185
"Lowndes County, Georgia",74292.0,22,Not Specified,13,185
"Lowndes County, Georgia",28320.0,19,Not Specified,13,185
"Lowndes County, Georgia",14562.0,20,Not Specified,13,185
"Lowndes County, Georgia",5744.0,21,Not Specified,13,185
"Lowndes County, Georgia",19224.0,23,Not Specified,13,185
"Lowndes County, Georgia",31143.0,24,Not Specified,13,185
"Lowndes County, Georgia",23925.0,25,Not Specified,13,185
"Lowndes County, Georgia",14794.0,26,Not Specified,13,185
"Lowndes County, Georgia",1551.0,27,Not Specified,13,185
"Lowndes County, Georgia",91831.0,28,Not Specified,13,185
"Lowndes County, Georgia",89086.0,29,Not Specified,13,185
"Lowndes County, Georgia",54639.0,30,Not Specified,13,185
"Lowndes County, Georgia",30.8,31,Not Specified,13,185
